[
  {
    "firstName": "Alessandro",
    "lastName": "Jacobson",
    "email": "alessandro_jacobson@gmail.com",
    "username": "alessandro43",
    "password": "u1!donibevesan"
  },
  {
    "firstName": "Robyn",
    "lastName": "Connelly",
    "email": "robyn68@yahoo.com",
    "username": "robyn98",
    "password": "u1!zaxisatoxeh"
  },
  {
    "firstName": "Johan",
    "lastName": "Stark",
    "email": "johan_stark74@yahoo.com",
    "username": "johan_stark",
    "password": "u1!kihiwulovab"
  },
  {
    "firstName": "Josefina",
    "lastName": "Halvorson",
    "email": "josefina_halvorson56@gmail.com",
    "username": "josefina.halvorson",
    "password": "u1!musewimohak"
  },
  {
    "firstName": "Magnolia",
    "lastName": "Koss",
    "email": "magnolia_koss@hotmail.com",
    "username": "magnolia.koss30",
    "password": "u1!qosevedoqas"
  },
  {
    "firstName": "Stephany",
    "lastName": "Rosenbaum",
    "email": "stephany_rosenbaum1@yahoo.com",
    "username": "stephany.rosenbaum84",
    "password": "u1!gigotubutom"
  },
  {
    "firstName": "Corrine",
    "lastName": "Bashirian",
    "email": "corrine21@yahoo.com",
    "username": "corrine_bashirian94",
    "password": "u1!bahavefubeb"
  },
  {
    "firstName": "Laurine",
    "lastName": "Will",
    "email": "laurine.will@hotmail.com",
    "username": "laurine_will38",
    "password": "u1!xukahonezew"
  },
  {
    "firstName": "Larissa",
    "lastName": "Welch",
    "email": "larissa64@hotmail.com",
    "username": "larissa25",
    "password": "u1!leranenijux"
  },
  {
    "firstName": "Abbie",
    "lastName": "Kulas",
    "email": "abbie_kulas@yahoo.com",
    "username": "abbie.kulas",
    "password": "u1!kuxaxabuqab"
  },
  {
    "firstName": "Rhea",
    "lastName": "Hamill",
    "email": "rhea86@yahoo.com",
    "username": "rhea.hamill",
    "password": "u1!rizucoriliw"
  },
  {
    "firstName": "Fiona",
    "lastName": "Cassin",
    "email": "fiona.cassin@gmail.com",
    "username": "fiona_cassin",
    "password": "u1!nikeduzukur"
  },
  {
    "firstName": "Emma",
    "lastName": "Koelpin",
    "email": "emma90@yahoo.com",
    "username": "emma_koelpin",
    "password": "u1!papitonogic"
  },
  {
    "firstName": "Alexa",
    "lastName": "Boehm",
    "email": "alexa_boehm@gmail.com",
    "username": "alexa57",
    "password": "u1!dogexajavod"
  },
  {
    "firstName": "Amalia",
    "lastName": "Daugherty",
    "email": "amalia.daugherty@hotmail.com",
    "username": "amalia.daugherty",
    "password": "u1!tenarocimad"
  },
  {
    "firstName": "Jaden",
    "lastName": "Lockman",
    "email": "jaden42@yahoo.com",
    "username": "jaden87",
    "password": "u1!medadudiles"
  },
  {
    "firstName": "Amparo",
    "lastName": "Rowe",
    "email": "amparo68@yahoo.com",
    "username": "amparo_rowe",
    "password": "u1!yiseqotodes"
  },
  {
    "firstName": "Jaren",
    "lastName": "Johns",
    "email": "jaren.johns@hotmail.com",
    "username": "jaren.johns",
    "password": "u1!kuvogehihud"
  },
  {
    "firstName": "Elliot",
    "lastName": "Rolfson",
    "email": "elliot.rolfson@yahoo.com",
    "username": "elliot.rolfson34",
    "password": "u1!fuyekovenoc"
  },
  {
    "firstName": "Clinton",
    "lastName": "Robel",
    "email": "clinton29@gmail.com",
    "username": "clinton94",
    "password": "u1!tileyevaval"
  },
  {
    "firstName": "Tyson",
    "lastName": "Fisher",
    "email": "tyson81@gmail.com",
    "username": "tyson.fisher",
    "password": "u1!guqijidufiv"
  },
  {
    "firstName": "Lila",
    "lastName": "Hintz",
    "email": "lila.hintz@gmail.com",
    "username": "lila_hintz18",
    "password": "u1!lisuhegumop"
  },
  {
    "firstName": "Maggie",
    "lastName": "Rolfson",
    "email": "maggie50@gmail.com",
    "username": "maggie18",
    "password": "u1!cemazovizav"
  },
  {
    "firstName": "Dudley",
    "lastName": "Wilkinson",
    "email": "dudley.wilkinson@gmail.com",
    "username": "dudley_wilkinson",
    "password": "u1!kapasupilaw"
  },
  {
    "firstName": "Frank",
    "lastName": "Wunsch",
    "email": "frank.wunsch@hotmail.com",
    "username": "frank_wunsch",
    "password": "u1!lakuqihifiy"
  },
  {
    "firstName": "Dorthy",
    "lastName": "Jerde",
    "email": "dorthy_jerde@hotmail.com",
    "username": "dorthy_jerde88",
    "password": "u1!dijaqajabog"
  },
  {
    "firstName": "Kip",
    "lastName": "Klein",
    "email": "kip.klein6@yahoo.com",
    "username": "kip34",
    "password": "u1!gibotucufoc"
  },
  {
    "firstName": "Elenora",
    "lastName": "Anderson",
    "email": "elenora.anderson6@hotmail.com",
    "username": "elenora_anderson9",
    "password": "u1!tuhonaqamez"
  },
  {
    "firstName": "Nils",
    "lastName": "Okuneva",
    "email": "nils.okuneva@hotmail.com",
    "username": "nils.okuneva21",
    "password": "u1!yasuyuvayij"
  },
  {
    "firstName": "Danny",
    "lastName": "Brakus",
    "email": "danny_brakus13@gmail.com",
    "username": "danny10",
    "password": "u1!cemahoqetoc"
  },
  {
    "firstName": "Izaiah",
    "lastName": "Welch",
    "email": "izaiah64@hotmail.com",
    "username": "izaiah_welch84",
    "password": "u1!luvibusuhoz"
  },
  {
    "firstName": "Ruth",
    "lastName": "Lang",
    "email": "ruth.lang@yahoo.com",
    "username": "ruth43",
    "password": "u1!qifalejuviw"
  },
  {
    "firstName": "Lamar",
    "lastName": "Rutherford",
    "email": "lamar_rutherford93@gmail.com",
    "username": "lamar.rutherford38",
    "password": "u1!vokuqelogip"
  },
  {
    "firstName": "Myrl",
    "lastName": "Daniel",
    "email": "myrl.daniel7@yahoo.com",
    "username": "myrl_daniel",
    "password": "u1!domipayofan"
  },
  {
    "firstName": "Alysson",
    "lastName": "Russel",
    "email": "alysson77@hotmail.com",
    "username": "alysson.russel",
    "password": "u1!jugixaqogic"
  },
  {
    "firstName": "Marilie",
    "lastName": "Price",
    "email": "marilie97@yahoo.com",
    "username": "marilie_price77",
    "password": "u1!cucisisutel"
  },
  {
    "firstName": "Margaret",
    "lastName": "Collins",
    "email": "margaret_collins82@gmail.com",
    "username": "margaret_collins",
    "password": "u1!jomomizotef"
  },
  {
    "firstName": "Tina",
    "lastName": "Mitchell",
    "email": "tina.mitchell@hotmail.com",
    "username": "tina.mitchell",
    "password": "u1!beziqezawek"
  },
  {
    "firstName": "Valentine",
    "lastName": "Ruecker",
    "email": "valentine_ruecker@yahoo.com",
    "username": "valentine_ruecker",
    "password": "u1!dicabepakij"
  },
  {
    "firstName": "Alda",
    "lastName": "Franecki",
    "email": "alda40@hotmail.com",
    "username": "alda66",
    "password": "u1!xexezocezax"
  },
  {
    "firstName": "Astrid",
    "lastName": "O'Hara",
    "email": "astrid29@gmail.com",
    "username": "astrid68",
    "password": "u1!dojugipoguw"
  },
  {
    "firstName": "Santina",
    "lastName": "Blanda",
    "email": "santina.blanda98@gmail.com",
    "username": "santina.blanda7",
    "password": "u1!qowomagavey"
  },
  {
    "firstName": "Mckenna",
    "lastName": "Leuschke",
    "email": "mckenna59@yahoo.com",
    "username": "mckenna81",
    "password": "u1!norobojomid"
  },
  {
    "firstName": "Estel",
    "lastName": "Berge",
    "email": "estel_berge@gmail.com",
    "username": "estel51",
    "password": "u1!qugarepegoj"
  },
  {
    "firstName": "Leonor",
    "lastName": "Hoeger",
    "email": "leonor_hoeger@yahoo.com",
    "username": "leonor65",
    "password": "u1!duqesanaxul"
  },
  {
    "firstName": "Hester",
    "lastName": "Larkin",
    "email": "hester89@gmail.com",
    "username": "hester.larkin94",
    "password": "u1!micosinuzuc"
  },
  {
    "firstName": "Andre",
    "lastName": "VonRueden",
    "email": "andre_vonrueden@gmail.com",
    "username": "andre38",
    "password": "u1!vepecagicep"
  },
  {
    "firstName": "Heloise",
    "lastName": "Sauer",
    "email": "heloise5@hotmail.com",
    "username": "heloise40",
    "password": "u1!yoyonahexiv"
  },
  {
    "firstName": "Cordia",
    "lastName": "Glover",
    "email": "cordia26@hotmail.com",
    "username": "cordia22",
    "password": "u1!fazolagonil"
  },
  {
    "firstName": "Lyla",
    "lastName": "Stark",
    "email": "lyla18@gmail.com",
    "username": "lyla_stark40",
    "password": "u1!mukeyuqebav"
  },
  {
    "firstName": "Quentin",
    "lastName": "Gerlach",
    "email": "quentin.gerlach@hotmail.com",
    "username": "quentin.gerlach50",
    "password": "u1!suwewewuqos"
  },
  {
    "firstName": "Augustine",
    "lastName": "Gislason",
    "email": "augustine_gislason39@yahoo.com",
    "username": "augustine88",
    "password": "u1!wipiqugebon"
  },
  {
    "firstName": "Gilbert",
    "lastName": "Grady",
    "email": "gilbert94@yahoo.com",
    "username": "gilbert.grady59",
    "password": "u1!waqoxakitoq"
  },
  {
    "firstName": "Beulah",
    "lastName": "Bednar",
    "email": "beulah_bednar91@hotmail.com",
    "username": "beulah_bednar",
    "password": "u1!nawubelegos"
  },
  {
    "firstName": "Darren",
    "lastName": "Bayer",
    "email": "darren38@yahoo.com",
    "username": "darren.bayer34",
    "password": "u1!vezaniyenuf"
  },
  {
    "firstName": "Aditya",
    "lastName": "Vandervort",
    "email": "aditya.vandervort@yahoo.com",
    "username": "aditya.vandervort",
    "password": "u1!jujamezaniz"
  },
  {
    "firstName": "Rosalinda",
    "lastName": "Swift",
    "email": "rosalinda.swift@yahoo.com",
    "username": "rosalinda.swift98",
    "password": "u1!mopanobofiv"
  },
  {
    "firstName": "Rose",
    "lastName": "Ryan",
    "email": "rose95@yahoo.com",
    "username": "rose16",
    "password": "u1!bureveyibam"
  },
  {
    "firstName": "Geoffrey",
    "lastName": "Schumm",
    "email": "geoffrey_schumm16@yahoo.com",
    "username": "geoffrey_schumm",
    "password": "u1!hulozexujoq"
  },
  {
    "firstName": "Rubye",
    "lastName": "Shields",
    "email": "rubye.shields56@gmail.com",
    "username": "rubye93",
    "password": "u1!xibepuzolar"
  },
  {
    "firstName": "Ava",
    "lastName": "Renner",
    "email": "ava.renner@hotmail.com",
    "username": "ava_renner35",
    "password": "u1!rimoqipicef"
  },
  {
    "firstName": "Micheal",
    "lastName": "Hickle",
    "email": "micheal17@yahoo.com",
    "username": "micheal_hickle30",
    "password": "u1!dajagifojav"
  },
  {
    "firstName": "Aaliyah",
    "lastName": "Gleichner",
    "email": "aaliyah45@gmail.com",
    "username": "aaliyah_gleichner90",
    "password": "u1!tucijiyeloy"
  },
  {
    "firstName": "Dorcas",
    "lastName": "Kling",
    "email": "dorcas74@hotmail.com",
    "username": "dorcas_kling",
    "password": "u1!gomozonorex"
  },
  {
    "firstName": "Tyrese",
    "lastName": "Windler",
    "email": "tyrese9@yahoo.com",
    "username": "tyrese19",
    "password": "u1!lapocegohev"
  },
  {
    "firstName": "Rowena",
    "lastName": "Bartoletti",
    "email": "rowena.bartoletti82@hotmail.com",
    "username": "rowena72",
    "password": "u1!heyegecelek"
  },
  {
    "firstName": "Rozella",
    "lastName": "Labadie",
    "email": "rozella85@gmail.com",
    "username": "rozella26",
    "password": "u1!tibivogeciv"
  },
  {
    "firstName": "Kaelyn",
    "lastName": "Emard",
    "email": "kaelyn.emard@yahoo.com",
    "username": "kaelyn48",
    "password": "u1!mizovabizob"
  },
  {
    "firstName": "Velda",
    "lastName": "Dickens",
    "email": "velda37@gmail.com",
    "username": "velda16",
    "password": "u1!kehumopetix"
  },
  {
    "firstName": "Johathan",
    "lastName": "VonRueden",
    "email": "johathan_vonrueden37@yahoo.com",
    "username": "johathan.vonrueden",
    "password": "u1!mixokazasol"
  },
  {
    "firstName": "Electa",
    "lastName": "Hayes",
    "email": "electa46@yahoo.com",
    "username": "electa_hayes19",
    "password": "u1!qecoluliyoc"
  },
  {
    "firstName": "Oral",
    "lastName": "Hettinger",
    "email": "oral.hettinger56@gmail.com",
    "username": "oral.hettinger48",
    "password": "u1!maxawecugal"
  },
  {
    "firstName": "Selmer",
    "lastName": "Walter",
    "email": "selmer12@yahoo.com",
    "username": "selmer.walter",
    "password": "u1!wafofoluwab"
  },
  {
    "firstName": "Nona",
    "lastName": "Rohan",
    "email": "nona.rohan@hotmail.com",
    "username": "nona.rohan57",
    "password": "u1!tuwefaketex"
  },
  {
    "firstName": "Ramiro",
    "lastName": "Kling",
    "email": "ramiro_kling@gmail.com",
    "username": "ramiro_kling",
    "password": "u1!ramuzihixoj"
  },
  {
    "firstName": "Kellie",
    "lastName": "Bode",
    "email": "kellie5@hotmail.com",
    "username": "kellie8",
    "password": "u1!xocamecanas"
  },
  {
    "firstName": "Benny",
    "lastName": "Spencer",
    "email": "benny_spencer3@gmail.com",
    "username": "benny_spencer81",
    "password": "u1!redujigasur"
  },
  {
    "firstName": "Camille",
    "lastName": "Upton",
    "email": "camille62@gmail.com",
    "username": "camille38",
    "password": "u1!ziqogixixik"
  },
  {
    "firstName": "Angel",
    "lastName": "Ritchie",
    "email": "angel_ritchie86@hotmail.com",
    "username": "angel75",
    "password": "u1!javubuxocit"
  },
  {
    "firstName": "Sydni",
    "lastName": "Zieme",
    "email": "sydni_zieme@yahoo.com",
    "username": "sydni.zieme74",
    "password": "u1!suzadagopuj"
  },
  {
    "firstName": "Harley",
    "lastName": "Williamson",
    "email": "harley64@gmail.com",
    "username": "harley.williamson",
    "password": "u1!lapecolokal"
  },
  {
    "firstName": "Rylee",
    "lastName": "Conn",
    "email": "rylee.conn61@gmail.com",
    "username": "rylee_conn",
    "password": "u1!takurayaxon"
  },
  {
    "firstName": "Murray",
    "lastName": "Reichel",
    "email": "murray67@gmail.com",
    "username": "murray.reichel",
    "password": "u1!kunacitoyeh"
  },
  {
    "firstName": "Bertram",
    "lastName": "Mayer",
    "email": "bertram.mayer28@yahoo.com",
    "username": "bertram_mayer6",
    "password": "u1!zekunikefuz"
  },
  {
    "firstName": "Trenton",
    "lastName": "Wiza",
    "email": "trenton_wiza93@gmail.com",
    "username": "trenton.wiza",
    "password": "u1!ximekopiten"
  },
  {
    "firstName": "Mark",
    "lastName": "Deckow",
    "email": "mark_deckow@gmail.com",
    "username": "mark.deckow49",
    "password": "u1!wayusanarov"
  },
  {
    "firstName": "Jordan",
    "lastName": "Schulist",
    "email": "jordan.schulist87@yahoo.com",
    "username": "jordan17",
    "password": "u1!lapohupepex"
  },
  {
    "firstName": "Earnestine",
    "lastName": "Rath",
    "email": "earnestine.rath@hotmail.com",
    "username": "earnestine.rath",
    "password": "u1!moneyisikax"
  },
  {
    "firstName": "London",
    "lastName": "Lebsack",
    "email": "london.lebsack@hotmail.com",
    "username": "london.lebsack51",
    "password": "u1!bizekelesam"
  },
  {
    "firstName": "Litzy",
    "lastName": "Torphy",
    "email": "litzy33@gmail.com",
    "username": "litzy_torphy",
    "password": "u1!daxomesicuh"
  },
  {
    "firstName": "Brenda",
    "lastName": "Bradtke",
    "email": "brenda98@yahoo.com",
    "username": "brenda21",
    "password": "u1!hoyagumoquz"
  },
  {
    "firstName": "Queenie",
    "lastName": "Gerhold",
    "email": "queenie.gerhold47@hotmail.com",
    "username": "queenie_gerhold17",
    "password": "u1!texopeyamad"
  },
  {
    "firstName": "Keely",
    "lastName": "Olson",
    "email": "keely_olson70@hotmail.com",
    "username": "keely11",
    "password": "u1!qixonoquzal"
  },
  {
    "firstName": "Marion",
    "lastName": "White",
    "email": "marion_white@hotmail.com",
    "username": "marion.white",
    "password": "u1!mukibiqamuk"
  },
  {
    "firstName": "Elsa",
    "lastName": "Russel",
    "email": "elsa_russel@gmail.com",
    "username": "elsa.russel76",
    "password": "u1!yetagagawis"
  },
  {
    "firstName": "Lou",
    "lastName": "Ryan",
    "email": "lou_ryan@gmail.com",
    "username": "lou.ryan75",
    "password": "u1!burehisebok"
  },
  {
    "firstName": "Ardith",
    "lastName": "Ryan",
    "email": "ardith_ryan56@yahoo.com",
    "username": "ardith40",
    "password": "u1!parimijehip"
  },
  {
    "firstName": "Ellis",
    "lastName": "Zemlak",
    "email": "ellis_zemlak54@hotmail.com",
    "username": "ellis8",
    "password": "u1!jeculipufot"
  },
  {
    "firstName": "Erin",
    "lastName": "Schiller",
    "email": "erin_schiller@yahoo.com",
    "username": "erin35",
    "password": "u1!qidegonogaj"
  },
  {
    "firstName": "Gus",
    "lastName": "Schimmel",
    "email": "gus_schimmel61@gmail.com",
    "username": "gus_schimmel75",
    "password": "u1!nikuzirivuc"
  },
  {
    "firstName": "Leonora",
    "lastName": "Gulgowski",
    "email": "leonora_gulgowski@yahoo.com",
    "username": "leonora.gulgowski",
    "password": "u1!boqacufugel"
  },
  {
    "firstName": "Roma",
    "lastName": "Lind",
    "email": "roma.lind@gmail.com",
    "username": "roma31",
    "password": "u1!xedohujazup"
  },
  {
    "firstName": "Keyon",
    "lastName": "McClure",
    "email": "keyon.mcclure28@gmail.com",
    "username": "keyon95",
    "password": "u1!geluzajimuf"
  },
  {
    "firstName": "Coy",
    "lastName": "Senger",
    "email": "coy.senger@yahoo.com",
    "username": "coy.senger55",
    "password": "u1!fometicuhay"
  },
  {
    "firstName": "Everette",
    "lastName": "Koch",
    "email": "everette63@hotmail.com",
    "username": "everette_koch26",
    "password": "u1!temiyesoyut"
  },
  {
    "firstName": "Kiel",
    "lastName": "Lemke",
    "email": "kiel.lemke98@hotmail.com",
    "username": "kiel.lemke14",
    "password": "u1!qetarohives"
  },
  {
    "firstName": "Eduardo",
    "lastName": "Ryan",
    "email": "eduardo.ryan7@gmail.com",
    "username": "eduardo_ryan",
    "password": "u1!vitebenixej"
  },
  {
    "firstName": "Stanton",
    "lastName": "Kutch",
    "email": "stanton_kutch@gmail.com",
    "username": "stanton9",
    "password": "u1!makilefiwot"
  },
  {
    "firstName": "Murray",
    "lastName": "Veum",
    "email": "murray_veum@gmail.com",
    "username": "murray.veum56",
    "password": "u1!powuwefuwed"
  },
  {
    "firstName": "Eliza",
    "lastName": "Kiehn",
    "email": "eliza_kiehn@gmail.com",
    "username": "eliza9",
    "password": "u1!ripuweramoz"
  },
  {
    "firstName": "Ethel",
    "lastName": "Wilderman",
    "email": "ethel_wilderman24@gmail.com",
    "username": "ethel.wilderman",
    "password": "u1!heyaxuzoqow"
  },
  {
    "firstName": "Berneice",
    "lastName": "Crist",
    "email": "berneice87@yahoo.com",
    "username": "berneice47",
    "password": "u1!qivosubezan"
  },
  {
    "firstName": "Rollin",
    "lastName": "Vandervort",
    "email": "rollin.vandervort59@yahoo.com",
    "username": "rollin21",
    "password": "u1!pucadehucem"
  },
  {
    "firstName": "Hallie",
    "lastName": "Konopelski",
    "email": "hallie_konopelski66@gmail.com",
    "username": "hallie28",
    "password": "u1!tutololigaw"
  },
  {
    "firstName": "Monica",
    "lastName": "Murphy",
    "email": "monica.murphy32@yahoo.com",
    "username": "monica_murphy",
    "password": "u1!vogicofaxaq"
  },
  {
    "firstName": "Arno",
    "lastName": "Gusikowski",
    "email": "arno.gusikowski60@hotmail.com",
    "username": "arno_gusikowski48",
    "password": "u1!cujuvirupub"
  },
  {
    "firstName": "Amanda",
    "lastName": "Wiegand",
    "email": "amanda.wiegand@yahoo.com",
    "username": "amanda_wiegand",
    "password": "u1!karapegolel"
  },
  {
    "firstName": "Darrion",
    "lastName": "Kiehn",
    "email": "darrion.kiehn5@yahoo.com",
    "username": "darrion.kiehn26",
    "password": "u1!pabinuqosoc"
  },
  {
    "firstName": "Ella",
    "lastName": "Kuhlman",
    "email": "ella56@hotmail.com",
    "username": "ella71",
    "password": "u1!hoqanuwexiy"
  },
  {
    "firstName": "Gudrun",
    "lastName": "Hermann",
    "email": "gudrun.hermann12@hotmail.com",
    "username": "gudrun_hermann",
    "password": "u1!zapihoxatil"
  },
  {
    "firstName": "Kirsten",
    "lastName": "Watsica",
    "email": "kirsten.watsica81@yahoo.com",
    "username": "kirsten19",
    "password": "u1!vomurohovil"
  },
  {
    "firstName": "Carmela",
    "lastName": "O'Reilly",
    "email": "carmela.oreilly20@yahoo.com",
    "username": "carmela48",
    "password": "u1!zelaxorixaf"
  },
  {
    "firstName": "Lyric",
    "lastName": "Tillman",
    "email": "lyric.tillman73@gmail.com",
    "username": "lyric_tillman",
    "password": "u1!vucacupihuw"
  },
  {
    "firstName": "Icie",
    "lastName": "Krajcik",
    "email": "icie.krajcik65@hotmail.com",
    "username": "icie_krajcik36",
    "password": "u1!xacezidivuc"
  },
  {
    "firstName": "Micah",
    "lastName": "Emmerich",
    "email": "micah.emmerich57@hotmail.com",
    "username": "micah_emmerich",
    "password": "u1!qeyitavubuz"
  },
  {
    "firstName": "Hillary",
    "lastName": "Steuber",
    "email": "hillary_steuber54@hotmail.com",
    "username": "hillary_steuber35",
    "password": "u1!lopumaqilir"
  },
  {
    "firstName": "Kiarra",
    "lastName": "Keeling",
    "email": "kiarra.keeling@gmail.com",
    "username": "kiarra.keeling",
    "password": "u1!lacogiwajig"
  },
  {
    "firstName": "Gerson",
    "lastName": "Donnelly",
    "email": "gerson.donnelly@yahoo.com",
    "username": "gerson_donnelly",
    "password": "u1!nicaxofupet"
  },
  {
    "firstName": "Alana",
    "lastName": "Hauck",
    "email": "alana_hauck@hotmail.com",
    "username": "alana79",
    "password": "u1!fuyaxixehis"
  },
  {
    "firstName": "Santina",
    "lastName": "Langworth",
    "email": "santina.langworth29@hotmail.com",
    "username": "santina14",
    "password": "u1!bugaxodakew"
  },
  {
    "firstName": "Rebeka",
    "lastName": "Herzog",
    "email": "rebeka_herzog@gmail.com",
    "username": "rebeka1",
    "password": "u1!fegehanugig"
  },
  {
    "firstName": "Jason",
    "lastName": "Kuvalis",
    "email": "jason_kuvalis56@gmail.com",
    "username": "jason.kuvalis",
    "password": "u1!pifegumafes"
  },
  {
    "firstName": "Marlene",
    "lastName": "Rice",
    "email": "marlene.rice61@yahoo.com",
    "username": "marlene.rice",
    "password": "u1!xigutafivuw"
  },
  {
    "firstName": "Candace",
    "lastName": "Beatty",
    "email": "candace_beatty41@yahoo.com",
    "username": "candace.beatty33",
    "password": "u1!qubucujuwuq"
  },
  {
    "firstName": "Koby",
    "lastName": "Schmitt",
    "email": "koby.schmitt@hotmail.com",
    "username": "koby_schmitt43",
    "password": "u1!qigofopemun"
  },
  {
    "firstName": "Ethyl",
    "lastName": "Paucek",
    "email": "ethyl_paucek@yahoo.com",
    "username": "ethyl_paucek69",
    "password": "u1!wupojavojeb"
  },
  {
    "firstName": "Ottilie",
    "lastName": "Langosh",
    "email": "ottilie_langosh0@yahoo.com",
    "username": "ottilie.langosh",
    "password": "u1!pumimiwazol"
  },
  {
    "firstName": "Felipe",
    "lastName": "Hackett",
    "email": "felipe.hackett@yahoo.com",
    "username": "felipe.hackett15",
    "password": "u1!fuzinojowax"
  },
  {
    "firstName": "Oleta",
    "lastName": "Adams",
    "email": "oleta25@gmail.com",
    "username": "oleta.adams11",
    "password": "u1!wajajohomoc"
  },
  {
    "firstName": "Gwendolyn",
    "lastName": "Bogisich",
    "email": "gwendolyn.bogisich@yahoo.com",
    "username": "gwendolyn.bogisich28",
    "password": "u1!nenowirupig"
  },
  {
    "firstName": "Ellie",
    "lastName": "Becker",
    "email": "ellie_becker@gmail.com",
    "username": "ellie_becker42",
    "password": "u1!bunazutital"
  },
  {
    "firstName": "Colt",
    "lastName": "Rodriguez",
    "email": "colt_rodriguez46@hotmail.com",
    "username": "colt.rodriguez60",
    "password": "u1!yuyetosomuj"
  },
  {
    "firstName": "Heather",
    "lastName": "Bednar",
    "email": "heather75@hotmail.com",
    "username": "heather9",
    "password": "u1!gacinicalev"
  },
  {
    "firstName": "Eladio",
    "lastName": "Bernhard",
    "email": "eladio_bernhard@yahoo.com",
    "username": "eladio_bernhard",
    "password": "u1!timozujutaq"
  },
  {
    "firstName": "Barbara",
    "lastName": "Bruen",
    "email": "barbara.bruen39@yahoo.com",
    "username": "barbara_bruen85",
    "password": "u1!vogefucedoq"
  },
  {
    "firstName": "Benny",
    "lastName": "Frami",
    "email": "benny96@yahoo.com",
    "username": "benny.frami27",
    "password": "u1!biwunemopas"
  },
  {
    "firstName": "Wilfred",
    "lastName": "Reinger",
    "email": "wilfred.reinger@gmail.com",
    "username": "wilfred95",
    "password": "u1!koxowimileh"
  },
  {
    "firstName": "Stone",
    "lastName": "Crooks",
    "email": "stone.crooks@gmail.com",
    "username": "stone.crooks2",
    "password": "u1!behimewigey"
  },
  {
    "firstName": "Cornelius",
    "lastName": "Corwin",
    "email": "cornelius7@gmail.com",
    "username": "cornelius.corwin",
    "password": "u1!patohoposun"
  },
  {
    "firstName": "Ambrose",
    "lastName": "Harvey",
    "email": "ambrose.harvey67@yahoo.com",
    "username": "ambrose_harvey",
    "password": "u1!soqatetupex"
  },
  {
    "firstName": "Annamarie",
    "lastName": "Wiza",
    "email": "annamarie_wiza62@gmail.com",
    "username": "annamarie.wiza23",
    "password": "u1!silulonemiq"
  },
  {
    "firstName": "Nova",
    "lastName": "Braun",
    "email": "nova.braun41@gmail.com",
    "username": "nova_braun72",
    "password": "u1!sohariqaget"
  },
  {
    "firstName": "Greg",
    "lastName": "Maggio",
    "email": "greg_maggio@gmail.com",
    "username": "greg.maggio",
    "password": "u1!qalezodifas"
  },
  {
    "firstName": "Richie",
    "lastName": "Moore",
    "email": "richie.moore94@hotmail.com",
    "username": "richie52",
    "password": "u1!kojayijitit"
  },
  {
    "firstName": "Vilma",
    "lastName": "Farrell",
    "email": "vilma93@gmail.com",
    "username": "vilma_farrell89",
    "password": "u1!cojifukojij"
  },
  {
    "firstName": "Earl",
    "lastName": "Pouros",
    "email": "earl.pouros78@hotmail.com",
    "username": "earl.pouros41",
    "password": "u1!vadafitelat"
  },
  {
    "firstName": "Kira",
    "lastName": "Bauch",
    "email": "kira_bauch78@gmail.com",
    "username": "kira75",
    "password": "u1!voculekiqoh"
  },
  {
    "firstName": "Sierra",
    "lastName": "Wolf",
    "email": "sierra_wolf22@hotmail.com",
    "username": "sierra36",
    "password": "u1!luwiquyaquc"
  },
  {
    "firstName": "Gia",
    "lastName": "McDermott",
    "email": "gia_mcdermott@yahoo.com",
    "username": "gia64",
    "password": "u1!saxeseniced"
  },
  {
    "firstName": "Tyrell",
    "lastName": "Morar",
    "email": "tyrell50@hotmail.com",
    "username": "tyrell_morar47",
    "password": "u1!huboveqatob"
  },
  {
    "firstName": "Mose",
    "lastName": "Roberts",
    "email": "mose84@gmail.com",
    "username": "mose.roberts",
    "password": "u1!nobegahikol"
  },
  {
    "firstName": "Elise",
    "lastName": "Kautzer",
    "email": "elise59@gmail.com",
    "username": "elise_kautzer95",
    "password": "u1!tepudibuvuh"
  },
  {
    "firstName": "Alessandro",
    "lastName": "Pfannerstill",
    "email": "alessandro_pfannerstill@gmail.com",
    "username": "alessandro.pfannerstill82",
    "password": "u1!davopesavel"
  },
  {
    "firstName": "Reginald",
    "lastName": "Crist",
    "email": "reginald85@yahoo.com",
    "username": "reginald_crist",
    "password": "u1!limufepijop"
  },
  {
    "firstName": "Whitney",
    "lastName": "Klocko",
    "email": "whitney36@yahoo.com",
    "username": "whitney.klocko",
    "password": "u1!dukulagozul"
  },
  {
    "firstName": "Marlen",
    "lastName": "Von",
    "email": "marlen60@yahoo.com",
    "username": "marlen54",
    "password": "u1!fefovevuwey"
  },
  {
    "firstName": "Alessia",
    "lastName": "Kuhic",
    "email": "alessia10@gmail.com",
    "username": "alessia.kuhic",
    "password": "u1!qufehiselok"
  },
  {
    "firstName": "Ernest",
    "lastName": "Beatty",
    "email": "ernest54@yahoo.com",
    "username": "ernest.beatty10",
    "password": "u1!yadotokosin"
  },
  {
    "firstName": "Teagan",
    "lastName": "Armstrong",
    "email": "teagan76@yahoo.com",
    "username": "teagan_armstrong28",
    "password": "u1!revuwumiteh"
  },
  {
    "firstName": "Kenyon",
    "lastName": "Gleason",
    "email": "kenyon.gleason@gmail.com",
    "username": "kenyon12",
    "password": "u1!cecizuxokaf"
  },
  {
    "firstName": "Demario",
    "lastName": "Lemke",
    "email": "demario_lemke36@yahoo.com",
    "username": "demario_lemke29",
    "password": "u1!rihewedujun"
  },
  {
    "firstName": "Tremayne",
    "lastName": "Miller",
    "email": "tremayne_miller45@yahoo.com",
    "username": "tremayne_miller23",
    "password": "u1!vesaqebapik"
  },
  {
    "firstName": "Layne",
    "lastName": "Will",
    "email": "layne.will@hotmail.com",
    "username": "layne.will",
    "password": "u1!jukolaminij"
  },
  {
    "firstName": "Madge",
    "lastName": "Weber",
    "email": "madge_weber48@hotmail.com",
    "username": "madge_weber",
    "password": "u1!guleyomehog"
  },
  {
    "firstName": "Hazel",
    "lastName": "Crona",
    "email": "hazel77@yahoo.com",
    "username": "hazel6",
    "password": "u1!banusujamiw"
  },
  {
    "firstName": "Imani",
    "lastName": "Luettgen",
    "email": "imani.luettgen@gmail.com",
    "username": "imani61",
    "password": "u1!vuqovitoled"
  },
  {
    "firstName": "Jaeden",
    "lastName": "Bradtke",
    "email": "jaeden_bradtke@hotmail.com",
    "username": "jaeden.bradtke",
    "password": "u1!qebubozevip"
  },
  {
    "firstName": "Autumn",
    "lastName": "Hauck",
    "email": "autumn2@yahoo.com",
    "username": "autumn.hauck45",
    "password": "u1!duxuxopixun"
  },
  {
    "firstName": "Juliet",
    "lastName": "Zieme",
    "email": "juliet21@gmail.com",
    "username": "juliet_zieme37",
    "password": "u1!zinisawegon"
  },
  {
    "firstName": "Winifred",
    "lastName": "Herzog",
    "email": "winifred38@gmail.com",
    "username": "winifred64",
    "password": "u1!tufumabetak"
  },
  {
    "firstName": "Liliana",
    "lastName": "O'Hara",
    "email": "liliana34@hotmail.com",
    "username": "liliana_ohara12",
    "password": "u1!nujuginuteg"
  },
  {
    "firstName": "Marielle",
    "lastName": "Russel",
    "email": "marielle_russel@gmail.com",
    "username": "marielle_russel36",
    "password": "u1!wefavesorir"
  },
  {
    "firstName": "Agustina",
    "lastName": "Prosacco",
    "email": "agustina_prosacco@yahoo.com",
    "username": "agustina53",
    "password": "u1!racanepokan"
  },
  {
    "firstName": "Fannie",
    "lastName": "Koepp",
    "email": "fannie76@yahoo.com",
    "username": "fannie8",
    "password": "u1!duzuheyovup"
  },
  {
    "firstName": "Alejandra",
    "lastName": "Jerde",
    "email": "alejandra_jerde63@gmail.com",
    "username": "alejandra12",
    "password": "u1!zujodoziruv"
  },
  {
    "firstName": "Chaim",
    "lastName": "Carroll",
    "email": "chaim75@hotmail.com",
    "username": "chaim_carroll65",
    "password": "u1!rafexocikac"
  },
  {
    "firstName": "Janick",
    "lastName": "Shields",
    "email": "janick_shields67@gmail.com",
    "username": "janick_shields27",
    "password": "u1!nevakididuf"
  },
  {
    "firstName": "Jerrold",
    "lastName": "Kiehn",
    "email": "jerrold_kiehn@hotmail.com",
    "username": "jerrold_kiehn71",
    "password": "u1!nemixijeluw"
  },
  {
    "firstName": "Jovanny",
    "lastName": "Goyette",
    "email": "jovanny_goyette83@gmail.com",
    "username": "jovanny39",
    "password": "u1!fefitukesif"
  },
  {
    "firstName": "Mitchel",
    "lastName": "Flatley",
    "email": "mitchel.flatley@hotmail.com",
    "username": "mitchel_flatley47",
    "password": "u1!gozoguwipel"
  },
  {
    "firstName": "Alison",
    "lastName": "Walsh",
    "email": "alison.walsh@hotmail.com",
    "username": "alison.walsh",
    "password": "u1!xupofubewuc"
  },
  {
    "firstName": "Muriel",
    "lastName": "Dicki",
    "email": "muriel.dicki47@gmail.com",
    "username": "muriel83",
    "password": "u1!nomitidifef"
  },
  {
    "firstName": "Devyn",
    "lastName": "Halvorson",
    "email": "devyn_halvorson@yahoo.com",
    "username": "devyn.halvorson",
    "password": "u1!metadesurul"
  },
  {
    "firstName": "Lillian",
    "lastName": "O'Kon",
    "email": "lillian_okon@hotmail.com",
    "username": "lillian_okon",
    "password": "u1!biqopijalab"
  },
  {
    "firstName": "Fabiola",
    "lastName": "Tillman",
    "email": "fabiola_tillman55@hotmail.com",
    "username": "fabiola.tillman",
    "password": "u1!secideyavad"
  },
  {
    "firstName": "Alejandrin",
    "lastName": "Mraz",
    "email": "alejandrin92@gmail.com",
    "username": "alejandrin.mraz",
    "password": "u1!nozudekapik"
  },
  {
    "firstName": "Ettie",
    "lastName": "Morissette",
    "email": "ettie69@hotmail.com",
    "username": "ettie22",
    "password": "u1!nehotisuvez"
  },
  {
    "firstName": "Alanis",
    "lastName": "Kassulke",
    "email": "alanis90@gmail.com",
    "username": "alanis15",
    "password": "u1!cojetokudem"
  },
  {
    "firstName": "Rory",
    "lastName": "Rogahn",
    "email": "rory.rogahn@gmail.com",
    "username": "rory97",
    "password": "u1!vakowuxesuf"
  },
  {
    "firstName": "Heaven",
    "lastName": "Zemlak",
    "email": "heaven40@yahoo.com",
    "username": "heaven71",
    "password": "u1!walaqahifuk"
  },
  {
    "firstName": "Vanessa",
    "lastName": "Schiller",
    "email": "vanessa_schiller@hotmail.com",
    "username": "vanessa60",
    "password": "u1!sipodoxucos"
  },
  {
    "firstName": "Leta",
    "lastName": "Frami",
    "email": "leta51@yahoo.com",
    "username": "leta.frami27",
    "password": "u1!perilaloluh"
  },
  {
    "firstName": "Rod",
    "lastName": "Skiles",
    "email": "rod.skiles@gmail.com",
    "username": "rod36",
    "password": "u1!fajewegokiw"
  },
  {
    "firstName": "Telly",
    "lastName": "Yost",
    "email": "telly33@hotmail.com",
    "username": "telly.yost12",
    "password": "u1!dohetomuqay"
  },
  {
    "firstName": "Adelle",
    "lastName": "Fadel",
    "email": "adelle_fadel@yahoo.com",
    "username": "adelle.fadel35",
    "password": "u1!nakagakiqud"
  },
  {
    "firstName": "Candida",
    "lastName": "Johns",
    "email": "candida96@hotmail.com",
    "username": "candida16",
    "password": "u1!hecumexupix"
  },
  {
    "firstName": "Edythe",
    "lastName": "Rempel",
    "email": "edythe_rempel53@yahoo.com",
    "username": "edythe_rempel",
    "password": "u1!fokehaxiwoj"
  },
  {
    "firstName": "Mozelle",
    "lastName": "Greenfelder",
    "email": "mozelle38@hotmail.com",
    "username": "mozelle.greenfelder",
    "password": "u1!figejugutur"
  },
  {
    "firstName": "Moises",
    "lastName": "McLaughlin",
    "email": "moises.mclaughlin71@yahoo.com",
    "username": "moises17",
    "password": "u1!hocuhixukon"
  },
  {
    "firstName": "Maritza",
    "lastName": "Reinger",
    "email": "maritza93@yahoo.com",
    "username": "maritza.reinger17",
    "password": "u1!luzayucalaz"
  },
  {
    "firstName": "Kaela",
    "lastName": "Reichel",
    "email": "kaela_reichel@hotmail.com",
    "username": "kaela_reichel66",
    "password": "u1!xorivexices"
  },
  {
    "firstName": "Florencio",
    "lastName": "Breitenberg",
    "email": "florencio.breitenberg@hotmail.com",
    "username": "florencio49",
    "password": "u1!piyakazefod"
  },
  {
    "firstName": "Una",
    "lastName": "Bogan",
    "email": "una_bogan4@gmail.com",
    "username": "una_bogan16",
    "password": "u1!vifotubalan"
  },
  {
    "firstName": "Jarrell",
    "lastName": "Rath",
    "email": "jarrell_rath19@yahoo.com",
    "username": "jarrell.rath",
    "password": "u1!yugocimolok"
  },
  {
    "firstName": "Prince",
    "lastName": "Barrows",
    "email": "prince89@hotmail.com",
    "username": "prince79",
    "password": "u1!bodujipevoh"
  },
  {
    "firstName": "Ova",
    "lastName": "Cormier",
    "email": "ova0@yahoo.com",
    "username": "ova32",
    "password": "u1!xunijogicoq"
  },
  {
    "firstName": "Jaylen",
    "lastName": "Kihn",
    "email": "jaylen.kihn@gmail.com",
    "username": "jaylen.kihn53",
    "password": "u1!yuxevasoyaw"
  },
  {
    "firstName": "Adolph",
    "lastName": "Will",
    "email": "adolph92@yahoo.com",
    "username": "adolph_will11",
    "password": "u1!xofisamibaq"
  },
  {
    "firstName": "Nina",
    "lastName": "Welch",
    "email": "nina.welch@gmail.com",
    "username": "nina_welch",
    "password": "u1!juzomesugeq"
  },
  {
    "firstName": "Nicklaus",
    "lastName": "Ebert",
    "email": "nicklaus24@yahoo.com",
    "username": "nicklaus_ebert57",
    "password": "u1!fayuvaqedok"
  },
  {
    "firstName": "Janiya",
    "lastName": "VonRueden",
    "email": "janiya84@yahoo.com",
    "username": "janiya67",
    "password": "u1!vidujaxakig"
  },
  {
    "firstName": "Vanessa",
    "lastName": "Reichert",
    "email": "vanessa.reichert2@gmail.com",
    "username": "vanessa.reichert64",
    "password": "u1!hekeledifet"
  },
  {
    "firstName": "Dominic",
    "lastName": "Hagenes",
    "email": "dominic.hagenes@gmail.com",
    "username": "dominic_hagenes",
    "password": "u1!xuxecajitig"
  },
  {
    "firstName": "Kathleen",
    "lastName": "Lowe",
    "email": "kathleen_lowe59@hotmail.com",
    "username": "kathleen47",
    "password": "u1!sebepuziyad"
  },
  {
    "firstName": "Helmer",
    "lastName": "Schoen",
    "email": "helmer.schoen@hotmail.com",
    "username": "helmer.schoen",
    "password": "u1!hapaxejehoc"
  },
  {
    "firstName": "Jevon",
    "lastName": "Jerde",
    "email": "jevon8@yahoo.com",
    "username": "jevon3",
    "password": "u1!qatipekoyet"
  },
  {
    "firstName": "Eliza",
    "lastName": "Monahan",
    "email": "eliza_monahan21@yahoo.com",
    "username": "eliza.monahan",
    "password": "u1!vicuyiyareg"
  },
  {
    "firstName": "Lempi",
    "lastName": "Nienow",
    "email": "lempi41@hotmail.com",
    "username": "lempi.nienow75",
    "password": "u1!nufawunutax"
  },
  {
    "firstName": "Unique",
    "lastName": "Sipes",
    "email": "unique.sipes11@yahoo.com",
    "username": "unique_sipes",
    "password": "u1!puqenojeqad"
  },
  {
    "firstName": "Yvonne",
    "lastName": "Donnelly",
    "email": "yvonne_donnelly@yahoo.com",
    "username": "yvonne79",
    "password": "u1!bubodilutuc"
  },
  {
    "firstName": "Caitlyn",
    "lastName": "Schumm",
    "email": "caitlyn_schumm32@gmail.com",
    "username": "caitlyn.schumm",
    "password": "u1!jojadabadod"
  },
  {
    "firstName": "Hanna",
    "lastName": "McClure",
    "email": "hanna.mcclure@yahoo.com",
    "username": "hanna.mcclure",
    "password": "u1!ruqefojulap"
  },
  {
    "firstName": "Marques",
    "lastName": "Crona",
    "email": "marques_crona@hotmail.com",
    "username": "marques.crona",
    "password": "u1!toqobotobek"
  },
  {
    "firstName": "Kamren",
    "lastName": "Franecki",
    "email": "kamren.franecki39@hotmail.com",
    "username": "kamren27",
    "password": "u1!fahikitonab"
  },
  {
    "firstName": "Eladio",
    "lastName": "Collins",
    "email": "eladio51@yahoo.com",
    "username": "eladio.collins",
    "password": "u1!numezoyifin"
  },
  {
    "firstName": "Bill",
    "lastName": "Lemke",
    "email": "bill.lemke48@hotmail.com",
    "username": "bill39",
    "password": "u1!qozelezufaz"
  },
  {
    "firstName": "Myrna",
    "lastName": "Brown",
    "email": "myrna.brown@gmail.com",
    "username": "myrna.brown",
    "password": "u1!kukipikejan"
  },
  {
    "firstName": "Tamara",
    "lastName": "Kautzer",
    "email": "tamara_kautzer97@hotmail.com",
    "username": "tamara18",
    "password": "u1!hivicoxopat"
  },
  {
    "firstName": "Beth",
    "lastName": "Wehner",
    "email": "beth_wehner74@gmail.com",
    "username": "beth_wehner66",
    "password": "u1!desogokofaf"
  },
  {
    "firstName": "Murphy",
    "lastName": "Abbott",
    "email": "murphy_abbott99@gmail.com",
    "username": "murphy.abbott",
    "password": "u1!lonedawixar"
  },
  {
    "firstName": "Kiley",
    "lastName": "Jacobi",
    "email": "kiley_jacobi@gmail.com",
    "username": "kiley.jacobi0",
    "password": "u1!dafigiyivoc"
  },
  {
    "firstName": "Enos",
    "lastName": "Ritchie",
    "email": "enos15@hotmail.com",
    "username": "enos.ritchie",
    "password": "u1!cumowuviraq"
  },
  {
    "firstName": "Hollie",
    "lastName": "Hilpert",
    "email": "hollie_hilpert@yahoo.com",
    "username": "hollie.hilpert54",
    "password": "u1!womikiqocol"
  },
  {
    "firstName": "Elena",
    "lastName": "Schimmel",
    "email": "elena.schimmel@yahoo.com",
    "username": "elena_schimmel12",
    "password": "u1!hosahiqadav"
  },
  {
    "firstName": "Elda",
    "lastName": "Dibbert",
    "email": "elda.dibbert@hotmail.com",
    "username": "elda.dibbert53",
    "password": "u1!xeyukixozan"
  },
  {
    "firstName": "Danny",
    "lastName": "Emard",
    "email": "danny_emard@hotmail.com",
    "username": "danny.emard",
    "password": "u1!xidelilenac"
  },
  {
    "firstName": "Joy",
    "lastName": "Bednar",
    "email": "joy.bednar1@yahoo.com",
    "username": "joy.bednar",
    "password": "u1!dexogexeziz"
  },
  {
    "firstName": "Mia",
    "lastName": "Marks",
    "email": "mia_marks95@hotmail.com",
    "username": "mia_marks",
    "password": "u1!piduvejayew"
  },
  {
    "firstName": "Boris",
    "lastName": "Hauck",
    "email": "boris_hauck@gmail.com",
    "username": "boris.hauck",
    "password": "u1!tomodiwodub"
  },
  {
    "firstName": "Winona",
    "lastName": "Williamson",
    "email": "winona.williamson@hotmail.com",
    "username": "winona.williamson",
    "password": "u1!gekecawucux"
  },
  {
    "firstName": "Charity",
    "lastName": "Vandervort",
    "email": "charity99@gmail.com",
    "username": "charity75",
    "password": "u1!xukategutit"
  },
  {
    "firstName": "Zechariah",
    "lastName": "Renner",
    "email": "zechariah80@hotmail.com",
    "username": "zechariah60",
    "password": "u1!kihuxigovis"
  },
  {
    "firstName": "Clara",
    "lastName": "Weissnat",
    "email": "clara_weissnat@yahoo.com",
    "username": "clara54",
    "password": "u1!wuzejixuzop"
  },
  {
    "firstName": "Austin",
    "lastName": "Lowe",
    "email": "austin60@gmail.com",
    "username": "austin19",
    "password": "u1!luwazihidin"
  },
  {
    "firstName": "Cary",
    "lastName": "Padberg",
    "email": "cary.padberg@yahoo.com",
    "username": "cary51",
    "password": "u1!puyurobetag"
  },
  {
    "firstName": "Reyna",
    "lastName": "Nitzsche",
    "email": "reyna_nitzsche89@gmail.com",
    "username": "reyna_nitzsche",
    "password": "u1!luzigogebux"
  },
  {
    "firstName": "Armando",
    "lastName": "Koepp",
    "email": "armando86@hotmail.com",
    "username": "armando94",
    "password": "u1!duyatoledud"
  },
  {
    "firstName": "Florencio",
    "lastName": "Turner",
    "email": "florencio84@hotmail.com",
    "username": "florencio_turner",
    "password": "u1!vivaluroqax"
  },
  {
    "firstName": "Lori",
    "lastName": "Torphy",
    "email": "lori12@gmail.com",
    "username": "lori72",
    "password": "u1!quxahogapig"
  },
  {
    "firstName": "Audrey",
    "lastName": "Schroeder",
    "email": "audrey_schroeder99@hotmail.com",
    "username": "audrey.schroeder75",
    "password": "u1!siropamuhek"
  },
  {
    "firstName": "Christine",
    "lastName": "Nienow",
    "email": "christine33@hotmail.com",
    "username": "christine_nienow6",
    "password": "u1!vawoqoyipev"
  },
  {
    "firstName": "Nikita",
    "lastName": "Heaney",
    "email": "nikita2@gmail.com",
    "username": "nikita_heaney",
    "password": "u1!nowewiqejoc"
  },
  {
    "firstName": "Monte",
    "lastName": "Kautzer",
    "email": "monte.kautzer@gmail.com",
    "username": "monte.kautzer",
    "password": "u1!rerifubegoc"
  },
  {
    "firstName": "Jake",
    "lastName": "Wilderman",
    "email": "jake68@gmail.com",
    "username": "jake_wilderman7",
    "password": "u1!nuyiladukaj"
  },
  {
    "firstName": "Delores",
    "lastName": "Hammes",
    "email": "delores_hammes0@gmail.com",
    "username": "delores.hammes21",
    "password": "u1!hawililicuy"
  },
  {
    "firstName": "Soledad",
    "lastName": "Huels",
    "email": "soledad53@hotmail.com",
    "username": "soledad14",
    "password": "u1!jamufebevev"
  },
  {
    "firstName": "Estevan",
    "lastName": "Marquardt",
    "email": "estevan.marquardt68@gmail.com",
    "username": "estevan.marquardt",
    "password": "u1!faqefurasos"
  },
  {
    "firstName": "Aurelio",
    "lastName": "Raynor",
    "email": "aurelio.raynor72@yahoo.com",
    "username": "aurelio.raynor",
    "password": "u1!peqigaxepem"
  },
  {
    "firstName": "Cecil",
    "lastName": "Cole",
    "email": "cecil.cole79@hotmail.com",
    "username": "cecil59",
    "password": "u1!mehudajaren"
  },
  {
    "firstName": "Ottilie",
    "lastName": "Huels",
    "email": "ottilie.huels42@hotmail.com",
    "username": "ottilie_huels65",
    "password": "u1!gevuyuqovec"
  },
  {
    "firstName": "Annette",
    "lastName": "Muller",
    "email": "annette_muller64@yahoo.com",
    "username": "annette75",
    "password": "u1!serilaticow"
  },
  {
    "firstName": "Soledad",
    "lastName": "Runte",
    "email": "soledad56@yahoo.com",
    "username": "soledad93",
    "password": "u1!merewobelud"
  },
  {
    "firstName": "Quincy",
    "lastName": "Morar",
    "email": "quincy35@hotmail.com",
    "username": "quincy.morar",
    "password": "u1!dadeticiwen"
  },
  {
    "firstName": "Bianka",
    "lastName": "Hilpert",
    "email": "bianka_hilpert41@yahoo.com",
    "username": "bianka12",
    "password": "u1!qohazonamey"
  },
  {
    "firstName": "Scotty",
    "lastName": "Tillman",
    "email": "scotty.tillman70@yahoo.com",
    "username": "scotty_tillman43",
    "password": "u1!gumicikiwig"
  },
  {
    "firstName": "Emil",
    "lastName": "Gulgowski",
    "email": "emil_gulgowski@yahoo.com",
    "username": "emil.gulgowski",
    "password": "u1!zewawaqusir"
  },
  {
    "firstName": "Gino",
    "lastName": "Torp",
    "email": "gino.torp@hotmail.com",
    "username": "gino59",
    "password": "u1!mozabecukar"
  },
  {
    "firstName": "Citlalli",
    "lastName": "Larkin",
    "email": "citlalli.larkin@hotmail.com",
    "username": "citlalli_larkin",
    "password": "u1!zucisunoyud"
  },
  {
    "firstName": "Chase",
    "lastName": "Kihn",
    "email": "chase.kihn19@yahoo.com",
    "username": "chase.kihn",
    "password": "u1!garilunadet"
  },
  {
    "firstName": "Stephon",
    "lastName": "Jacobson",
    "email": "stephon_jacobson59@yahoo.com",
    "username": "stephon_jacobson96",
    "password": "u1!zikuwagaken"
  },
  {
    "firstName": "Araceli",
    "lastName": "Haley",
    "email": "araceli.haley@yahoo.com",
    "username": "araceli17",
    "password": "u1!celodevapew"
  },
  {
    "firstName": "Oren",
    "lastName": "Dooley",
    "email": "oren_dooley@yahoo.com",
    "username": "oren_dooley",
    "password": "u1!gitutizafiv"
  },
  {
    "firstName": "Amalia",
    "lastName": "Conroy",
    "email": "amalia.conroy@yahoo.com",
    "username": "amalia_conroy57",
    "password": "u1!pugubifucon"
  },
  {
    "firstName": "Westley",
    "lastName": "Hudson",
    "email": "westley.hudson@hotmail.com",
    "username": "westley91",
    "password": "u1!tigahedenik"
  },
  {
    "firstName": "Nico",
    "lastName": "Heaney",
    "email": "nico_heaney16@gmail.com",
    "username": "nico_heaney",
    "password": "u1!niqeyowoduq"
  },
  {
    "firstName": "Shawn",
    "lastName": "Schiller",
    "email": "shawn.schiller@hotmail.com",
    "username": "shawn13",
    "password": "u1!hixixupojep"
  },
  {
    "firstName": "Adella",
    "lastName": "Senger",
    "email": "adella_senger@yahoo.com",
    "username": "adella_senger87",
    "password": "u1!hodefanuvoc"
  },
  {
    "firstName": "Sheldon",
    "lastName": "Ortiz",
    "email": "sheldon_ortiz@yahoo.com",
    "username": "sheldon11",
    "password": "u1!zuxorejiguq"
  },
  {
    "firstName": "Larissa",
    "lastName": "Schimmel",
    "email": "larissa.schimmel6@yahoo.com",
    "username": "larissa8",
    "password": "u1!mawuloqolin"
  },
  {
    "firstName": "Adriana",
    "lastName": "Schmitt",
    "email": "adriana_schmitt52@yahoo.com",
    "username": "adriana_schmitt",
    "password": "u1!qowowelicah"
  },
  {
    "firstName": "Gaetano",
    "lastName": "Ritchie",
    "email": "gaetano68@yahoo.com",
    "username": "gaetano_ritchie66",
    "password": "u1!vejepudadis"
  },
  {
    "firstName": "Patricia",
    "lastName": "Abshire",
    "email": "patricia.abshire@yahoo.com",
    "username": "patricia_abshire",
    "password": "u1!giqonehexey"
  },
  {
    "firstName": "Quinten",
    "lastName": "Ortiz",
    "email": "quinten.ortiz10@gmail.com",
    "username": "quinten29",
    "password": "u1!vuxamovikit"
  },
  {
    "firstName": "Madonna",
    "lastName": "Torphy",
    "email": "madonna_torphy@yahoo.com",
    "username": "madonna.torphy6",
    "password": "u1!laboqayovez"
  },
  {
    "firstName": "Marty",
    "lastName": "Rath",
    "email": "marty_rath@yahoo.com",
    "username": "marty.rath80",
    "password": "u1!konerafobek"
  },
  {
    "firstName": "Jamey",
    "lastName": "Rutherford",
    "email": "jamey.rutherford94@yahoo.com",
    "username": "jamey_rutherford",
    "password": "u1!wagizijaguy"
  },
  {
    "firstName": "Dulce",
    "lastName": "Miller",
    "email": "dulce37@yahoo.com",
    "username": "dulce.miller94",
    "password": "u1!wehovavolug"
  },
  {
    "firstName": "Linda",
    "lastName": "Lang",
    "email": "linda2@yahoo.com",
    "username": "linda_lang20",
    "password": "u1!budokazuqir"
  },
  {
    "firstName": "Gretchen",
    "lastName": "O'Reilly",
    "email": "gretchen53@gmail.com",
    "username": "gretchen.oreilly61",
    "password": "u1!puzoyupumox"
  },
  {
    "firstName": "Flossie",
    "lastName": "Jacobson",
    "email": "flossie82@gmail.com",
    "username": "flossie6",
    "password": "u1!zapijejitab"
  },
  {
    "firstName": "Colby",
    "lastName": "Goodwin",
    "email": "colby76@gmail.com",
    "username": "colby.goodwin",
    "password": "u1!zijimiyuzup"
  },
  {
    "firstName": "Tom",
    "lastName": "Runolfsson",
    "email": "tom.runolfsson@gmail.com",
    "username": "tom31",
    "password": "u1!xuzehebayut"
  },
  {
    "firstName": "Camille",
    "lastName": "Smitham",
    "email": "camille_smitham6@hotmail.com",
    "username": "camille_smitham",
    "password": "u1!xevolevulor"
  },
  {
    "firstName": "Carolanne",
    "lastName": "Rath",
    "email": "carolanne21@hotmail.com",
    "username": "carolanne23",
    "password": "u1!gamizubirit"
  },
  {
    "firstName": "Edna",
    "lastName": "Turcotte",
    "email": "edna.turcotte76@hotmail.com",
    "username": "edna15",
    "password": "u1!tocexewadel"
  },
  {
    "firstName": "Marjory",
    "lastName": "Treutel",
    "email": "marjory.treutel@yahoo.com",
    "username": "marjory.treutel94",
    "password": "u1!tavekawurom"
  },
  {
    "firstName": "Julia",
    "lastName": "Harvey",
    "email": "julia3@yahoo.com",
    "username": "julia.harvey75",
    "password": "u1!herebiyowiv"
  },
  {
    "firstName": "Martine",
    "lastName": "Rolfson",
    "email": "martine.rolfson@hotmail.com",
    "username": "martine.rolfson69",
    "password": "u1!dajimaluyer"
  },
  {
    "firstName": "Rosella",
    "lastName": "Carroll",
    "email": "rosella33@gmail.com",
    "username": "rosella.carroll",
    "password": "u1!rabejogovuz"
  },
  {
    "firstName": "Patrick",
    "lastName": "Schimmel",
    "email": "patrick_schimmel@yahoo.com",
    "username": "patrick.schimmel54",
    "password": "u1!seqokejaxow"
  },
  {
    "firstName": "Giovanna",
    "lastName": "Kuhic",
    "email": "giovanna_kuhic43@yahoo.com",
    "username": "giovanna16",
    "password": "u1!navovaqufuw"
  },
  {
    "firstName": "Amya",
    "lastName": "Lakin",
    "email": "amya.lakin20@yahoo.com",
    "username": "amya_lakin",
    "password": "u1!pahotafukun"
  },
  {
    "firstName": "Devon",
    "lastName": "Franecki",
    "email": "devon20@yahoo.com",
    "username": "devon90",
    "password": "u1!povohosecin"
  },
  {
    "firstName": "Ricky",
    "lastName": "Stokes",
    "email": "ricky_stokes@yahoo.com",
    "username": "ricky75",
    "password": "u1!kewuhumudad"
  },
  {
    "firstName": "Reece",
    "lastName": "Maggio",
    "email": "reece.maggio42@yahoo.com",
    "username": "reece.maggio",
    "password": "u1!dawebutaxac"
  },
  {
    "firstName": "Marie",
    "lastName": "Murray",
    "email": "marie64@yahoo.com",
    "username": "marie.murray14",
    "password": "u1!cudiyoqahex"
  },
  {
    "firstName": "Trycia",
    "lastName": "Franecki",
    "email": "trycia83@yahoo.com",
    "username": "trycia.franecki",
    "password": "u1!jotaquviqav"
  },
  {
    "firstName": "Keven",
    "lastName": "Hand",
    "email": "keven_hand@yahoo.com",
    "username": "keven_hand",
    "password": "u1!zaruyokodod"
  },
  {
    "firstName": "Peggie",
    "lastName": "Franecki",
    "email": "peggie28@gmail.com",
    "username": "peggie60",
    "password": "u1!cepuvumitin"
  },
  {
    "firstName": "Lester",
    "lastName": "Hyatt",
    "email": "lester_hyatt98@yahoo.com",
    "username": "lester35",
    "password": "u1!wepumipapon"
  },
  {
    "firstName": "Viva",
    "lastName": "Gerlach",
    "email": "viva.gerlach92@yahoo.com",
    "username": "viva27",
    "password": "u1!fewapeyowar"
  },
  {
    "firstName": "Daphnee",
    "lastName": "Zemlak",
    "email": "daphnee94@hotmail.com",
    "username": "daphnee_zemlak",
    "password": "u1!hoxajisevuh"
  },
  {
    "firstName": "Mack",
    "lastName": "O'Keefe",
    "email": "mack.okeefe90@gmail.com",
    "username": "mack.okeefe55",
    "password": "u1!denexicovuk"
  },
  {
    "firstName": "Camylle",
    "lastName": "Morar",
    "email": "camylle_morar@hotmail.com",
    "username": "camylle_morar",
    "password": "u1!tinotafeqiq"
  },
  {
    "firstName": "Malcolm",
    "lastName": "Yost",
    "email": "malcolm_yost@yahoo.com",
    "username": "malcolm.yost16",
    "password": "u1!rulofupejox"
  },
  {
    "firstName": "Marta",
    "lastName": "Waters",
    "email": "marta_waters98@yahoo.com",
    "username": "marta_waters",
    "password": "u1!rejugowimud"
  },
  {
    "firstName": "Marques",
    "lastName": "Hickle",
    "email": "marques11@hotmail.com",
    "username": "marques19",
    "password": "u1!lazopitojuh"
  },
  {
    "firstName": "Bo",
    "lastName": "Wyman",
    "email": "bo.wyman@yahoo.com",
    "username": "bo52",
    "password": "u1!yolirigupuq"
  },
  {
    "firstName": "Calista",
    "lastName": "Zulauf",
    "email": "calista86@hotmail.com",
    "username": "calista.zulauf78",
    "password": "u1!wovabecovuj"
  },
  {
    "firstName": "Anne",
    "lastName": "Smith",
    "email": "anne6@gmail.com",
    "username": "anne.smith",
    "password": "u1!vixediracod"
  },
  {
    "firstName": "Mariah",
    "lastName": "Mann",
    "email": "mariah_mann43@yahoo.com",
    "username": "mariah_mann",
    "password": "u1!xesuvofivig"
  },
  {
    "firstName": "Isac",
    "lastName": "Wisozk",
    "email": "isac.wisozk@hotmail.com",
    "username": "isac.wisozk92",
    "password": "u1!bopajufaguf"
  },
  {
    "firstName": "Loyce",
    "lastName": "Mueller",
    "email": "loyce_mueller@hotmail.com",
    "username": "loyce.mueller2",
    "password": "u1!megunirokes"
  },
  {
    "firstName": "Suzanne",
    "lastName": "Schmitt",
    "email": "suzanne52@yahoo.com",
    "username": "suzanne7",
    "password": "u1!fasubaqudoy"
  },
  {
    "firstName": "Jamey",
    "lastName": "Schiller",
    "email": "jamey14@yahoo.com",
    "username": "jamey46",
    "password": "u1!fifitiqodiy"
  },
  {
    "firstName": "Jazlyn",
    "lastName": "Feeney",
    "email": "jazlyn47@yahoo.com",
    "username": "jazlyn42",
    "password": "u1!xayuruyufaq"
  },
  {
    "firstName": "Ophelia",
    "lastName": "Paucek",
    "email": "ophelia.paucek16@yahoo.com",
    "username": "ophelia.paucek",
    "password": "u1!yawutuqoxab"
  },
  {
    "firstName": "Domenica",
    "lastName": "Yost",
    "email": "domenica_yost@yahoo.com",
    "username": "domenica28",
    "password": "u1!kenonosinuk"
  },
  {
    "firstName": "Isabel",
    "lastName": "Wolff",
    "email": "isabel_wolff@gmail.com",
    "username": "isabel99",
    "password": "u1!bezerucucuj"
  },
  {
    "firstName": "Dedric",
    "lastName": "West",
    "email": "dedric.west@gmail.com",
    "username": "dedric54",
    "password": "u1!leloqobugom"
  },
  {
    "firstName": "Shad",
    "lastName": "Walter",
    "email": "shad_walter7@hotmail.com",
    "username": "shad.walter",
    "password": "u1!jumedotafex"
  },
  {
    "firstName": "Delaney",
    "lastName": "Botsford",
    "email": "delaney2@yahoo.com",
    "username": "delaney.botsford",
    "password": "u1!sayerizawom"
  },
  {
    "firstName": "Nelson",
    "lastName": "Brekke",
    "email": "nelson_brekke73@gmail.com",
    "username": "nelson59",
    "password": "u1!miriwocedap"
  },
  {
    "firstName": "Michelle",
    "lastName": "Volkman",
    "email": "michelle.volkman39@yahoo.com",
    "username": "michelle.volkman53",
    "password": "u1!nunerupavop"
  },
  {
    "firstName": "Maximillian",
    "lastName": "Zemlak",
    "email": "maximillian.zemlak@gmail.com",
    "username": "maximillian_zemlak81",
    "password": "u1!wobedoxolon"
  },
  {
    "firstName": "Selmer",
    "lastName": "Bergstrom",
    "email": "selmer_bergstrom@hotmail.com",
    "username": "selmer_bergstrom",
    "password": "u1!cehafavaweq"
  },
  {
    "firstName": "Cletus",
    "lastName": "Johnston",
    "email": "cletus.johnston@hotmail.com",
    "username": "cletus_johnston",
    "password": "u1!ranucehogeb"
  },
  {
    "firstName": "Asha",
    "lastName": "Roob",
    "email": "asha_roob@yahoo.com",
    "username": "asha41",
    "password": "u1!yajenacuyam"
  },
  {
    "firstName": "Oran",
    "lastName": "Davis",
    "email": "oran_davis11@yahoo.com",
    "username": "oran29",
    "password": "u1!necetopupos"
  },
  {
    "firstName": "Kamille",
    "lastName": "Zulauf",
    "email": "kamille52@yahoo.com",
    "username": "kamille37",
    "password": "u1!docadafinas"
  },
  {
    "firstName": "Melyssa",
    "lastName": "Lindgren",
    "email": "melyssa.lindgren90@hotmail.com",
    "username": "melyssa.lindgren",
    "password": "u1!hawipobuqif"
  },
  {
    "firstName": "Kassandra",
    "lastName": "Bednar",
    "email": "kassandra.bednar42@yahoo.com",
    "username": "kassandra4",
    "password": "u1!cawahaqewoz"
  },
  {
    "firstName": "Riley",
    "lastName": "Schultz",
    "email": "riley.schultz@hotmail.com",
    "username": "riley.schultz",
    "password": "u1!siqumixosuz"
  },
  {
    "firstName": "Norwood",
    "lastName": "Herzog",
    "email": "norwood87@yahoo.com",
    "username": "norwood_herzog",
    "password": "u1!culipetoloj"
  },
  {
    "firstName": "Hector",
    "lastName": "Heathcote",
    "email": "hector61@gmail.com",
    "username": "hector.heathcote",
    "password": "u1!sabetasawew"
  },
  {
    "firstName": "Kiana",
    "lastName": "Kozey",
    "email": "kiana.kozey40@yahoo.com",
    "username": "kiana.kozey",
    "password": "u1!tawafowipow"
  },
  {
    "firstName": "Johann",
    "lastName": "Fisher",
    "email": "johann58@gmail.com",
    "username": "johann.fisher",
    "password": "u1!zococogequx"
  },
  {
    "firstName": "Agnes",
    "lastName": "Schaden",
    "email": "agnes.schaden@gmail.com",
    "username": "agnes4",
    "password": "u1!mawamonovid"
  },
  {
    "firstName": "Floy",
    "lastName": "Prohaska",
    "email": "floy44@hotmail.com",
    "username": "floy.prohaska83",
    "password": "u1!qenaraderot"
  },
  {
    "firstName": "Emil",
    "lastName": "Gibson",
    "email": "emil_gibson@gmail.com",
    "username": "emil30",
    "password": "u1!liyofizogag"
  },
  {
    "firstName": "Terrell",
    "lastName": "Sanford",
    "email": "terrell_sanford@yahoo.com",
    "username": "terrell60",
    "password": "u1!noyexatekiq"
  },
  {
    "firstName": "Kale",
    "lastName": "Harvey",
    "email": "kale.harvey@yahoo.com",
    "username": "kale89",
    "password": "u1!zilazoquvih"
  },
  {
    "firstName": "Cynthia",
    "lastName": "Schamberger",
    "email": "cynthia.schamberger@yahoo.com",
    "username": "cynthia32",
    "password": "u1!polageqoxuh"
  },
  {
    "firstName": "Gerson",
    "lastName": "Dach",
    "email": "gerson.dach53@yahoo.com",
    "username": "gerson_dach75",
    "password": "u1!codinuniqox"
  },
  {
    "firstName": "Carolanne",
    "lastName": "Corkery",
    "email": "carolanne.corkery11@hotmail.com",
    "username": "carolanne.corkery1",
    "password": "u1!yocopecehet"
  },
  {
    "firstName": "Dean",
    "lastName": "Luettgen",
    "email": "dean_luettgen@hotmail.com",
    "username": "dean_luettgen",
    "password": "u1!livibonufej"
  },
  {
    "firstName": "Mariam",
    "lastName": "Hahn",
    "email": "mariam.hahn@gmail.com",
    "username": "mariam.hahn",
    "password": "u1!yatabaziqox"
  },
  {
    "firstName": "Carolina",
    "lastName": "Murazik",
    "email": "carolina_murazik@yahoo.com",
    "username": "carolina6",
    "password": "u1!sujewubohun"
  },
  {
    "firstName": "Trystan",
    "lastName": "Schaden",
    "email": "trystan24@gmail.com",
    "username": "trystan_schaden71",
    "password": "u1!wicitigumef"
  },
  {
    "firstName": "Stella",
    "lastName": "Labadie",
    "email": "stella_labadie@yahoo.com",
    "username": "stella_labadie",
    "password": "u1!qizekaluhuk"
  },
  {
    "firstName": "Winona",
    "lastName": "Torphy",
    "email": "winona_torphy@hotmail.com",
    "username": "winona86",
    "password": "u1!numupawemek"
  },
  {
    "firstName": "Cordell",
    "lastName": "Jast",
    "email": "cordell.jast@yahoo.com",
    "username": "cordell_jast",
    "password": "u1!fenijuzuxib"
  },
  {
    "firstName": "Frank",
    "lastName": "Jaskolski",
    "email": "frank_jaskolski48@yahoo.com",
    "username": "frank_jaskolski90",
    "password": "u1!kenipohezez"
  },
  {
    "firstName": "Dillan",
    "lastName": "Ernser",
    "email": "dillan26@gmail.com",
    "username": "dillan.ernser",
    "password": "u1!zihaqaxatit"
  },
  {
    "firstName": "Charity",
    "lastName": "Connelly",
    "email": "charity.connelly@yahoo.com",
    "username": "charity_connelly44",
    "password": "u1!zunayicodef"
  },
  {
    "firstName": "Catalina",
    "lastName": "Collier",
    "email": "catalina_collier36@hotmail.com",
    "username": "catalina.collier89",
    "password": "u1!wobacihijon"
  },
  {
    "firstName": "Newton",
    "lastName": "Goyette",
    "email": "newton.goyette@hotmail.com",
    "username": "newton46",
    "password": "u1!yalihututih"
  },
  {
    "firstName": "Monty",
    "lastName": "Heidenreich",
    "email": "monty.heidenreich15@hotmail.com",
    "username": "monty_heidenreich",
    "password": "u1!tiyidinafud"
  },
  {
    "firstName": "Manuel",
    "lastName": "Gerhold",
    "email": "manuel87@gmail.com",
    "username": "manuel.gerhold41",
    "password": "u1!mexowitexes"
  },
  {
    "firstName": "Yolanda",
    "lastName": "Bins",
    "email": "yolanda_bins99@gmail.com",
    "username": "yolanda8",
    "password": "u1!fiwuhayegiy"
  },
  {
    "firstName": "Otto",
    "lastName": "Bechtelar",
    "email": "otto.bechtelar31@hotmail.com",
    "username": "otto27",
    "password": "u1!voyuhuliqaj"
  },
  {
    "firstName": "Heaven",
    "lastName": "Jast",
    "email": "heaven_jast@hotmail.com",
    "username": "heaven78",
    "password": "u1!veyivonakap"
  },
  {
    "firstName": "Wilburn",
    "lastName": "Robel",
    "email": "wilburn_robel51@yahoo.com",
    "username": "wilburn98",
    "password": "u1!rocirukupep"
  },
  {
    "firstName": "Reagan",
    "lastName": "Windler",
    "email": "reagan_windler@hotmail.com",
    "username": "reagan_windler",
    "password": "u1!goxumixuvib"
  },
  {
    "firstName": "Kraig",
    "lastName": "Mohr",
    "email": "kraig0@gmail.com",
    "username": "kraig_mohr",
    "password": "u1!yoqiyuhotil"
  },
  {
    "firstName": "Ashlynn",
    "lastName": "Franecki",
    "email": "ashlynn_franecki@yahoo.com",
    "username": "ashlynn59",
    "password": "u1!sevoyasalum"
  },
  {
    "firstName": "Gay",
    "lastName": "Schulist",
    "email": "gay_schulist@hotmail.com",
    "username": "gay.schulist",
    "password": "u1!kuwikazewec"
  },
  {
    "firstName": "Vivianne",
    "lastName": "Rosenbaum",
    "email": "vivianne_rosenbaum@hotmail.com",
    "username": "vivianne_rosenbaum31",
    "password": "u1!gexucesitab"
  },
  {
    "firstName": "Nakia",
    "lastName": "Carroll",
    "email": "nakia.carroll@hotmail.com",
    "username": "nakia21",
    "password": "u1!jojolugeleg"
  },
  {
    "firstName": "Aron",
    "lastName": "Gottlieb",
    "email": "aron_gottlieb@gmail.com",
    "username": "aron24",
    "password": "u1!zezoguzicev"
  },
  {
    "firstName": "Dandre",
    "lastName": "Bailey",
    "email": "dandre24@yahoo.com",
    "username": "dandre99",
    "password": "u1!yikoqebeyov"
  },
  {
    "firstName": "Joan",
    "lastName": "Spinka",
    "email": "joan92@yahoo.com",
    "username": "joan_spinka",
    "password": "u1!voworiliqug"
  },
  {
    "firstName": "Omari",
    "lastName": "Johnston",
    "email": "omari.johnston@gmail.com",
    "username": "omari68",
    "password": "u1!wafadojugam"
  },
  {
    "firstName": "Dashawn",
    "lastName": "Corwin",
    "email": "dashawn.corwin@yahoo.com",
    "username": "dashawn.corwin",
    "password": "u1!sepayilariz"
  },
  {
    "firstName": "Frances",
    "lastName": "Walsh",
    "email": "frances_walsh@gmail.com",
    "username": "frances38",
    "password": "u1!ziwosolucak"
  },
  {
    "firstName": "Layne",
    "lastName": "Klein",
    "email": "layne41@hotmail.com",
    "username": "layne47",
    "password": "u1!vugoyoriyar"
  },
  {
    "firstName": "Tyrel",
    "lastName": "Botsford",
    "email": "tyrel_botsford43@gmail.com",
    "username": "tyrel_botsford",
    "password": "u1!wujojuxexif"
  },
  {
    "firstName": "Jamaal",
    "lastName": "Bechtelar",
    "email": "jamaal_bechtelar71@yahoo.com",
    "username": "jamaal.bechtelar",
    "password": "u1!fiwiqepehod"
  },
  {
    "firstName": "Kenya",
    "lastName": "Labadie",
    "email": "kenya_labadie@yahoo.com",
    "username": "kenya.labadie",
    "password": "u1!ludesekicoq"
  },
  {
    "firstName": "Alex",
    "lastName": "Green",
    "email": "alex.green@hotmail.com",
    "username": "alex_green44",
    "password": "u1!yogoqumakos"
  },
  {
    "firstName": "Jaycee",
    "lastName": "Littel",
    "email": "jaycee.littel87@hotmail.com",
    "username": "jaycee_littel",
    "password": "u1!mudejoridav"
  },
  {
    "firstName": "Patrick",
    "lastName": "MacGyver",
    "email": "patrick_macgyver@hotmail.com",
    "username": "patrick96",
    "password": "u1!ditevoyevem"
  },
  {
    "firstName": "Gustave",
    "lastName": "Halvorson",
    "email": "gustave.halvorson53@hotmail.com",
    "username": "gustave_halvorson80",
    "password": "u1!dababumayoy"
  },
  {
    "firstName": "Madisyn",
    "lastName": "Johnson",
    "email": "madisyn.johnson@gmail.com",
    "username": "madisyn_johnson",
    "password": "u1!yecuvavakul"
  },
  {
    "firstName": "Judd",
    "lastName": "Prosacco",
    "email": "judd90@hotmail.com",
    "username": "judd_prosacco35",
    "password": "u1!puyuxefeqir"
  },
  {
    "firstName": "Jazlyn",
    "lastName": "Zieme",
    "email": "jazlyn81@hotmail.com",
    "username": "jazlyn56",
    "password": "u1!vigurojuxal"
  },
  {
    "firstName": "Adolf",
    "lastName": "O'Connell",
    "email": "adolf.oconnell@yahoo.com",
    "username": "adolf_oconnell",
    "password": "u1!pivecolohov"
  },
  {
    "firstName": "Jany",
    "lastName": "Parker",
    "email": "jany_parker@yahoo.com",
    "username": "jany72",
    "password": "u1!luzoxovefut"
  },
  {
    "firstName": "Philip",
    "lastName": "Crona",
    "email": "philip15@hotmail.com",
    "username": "philip.crona",
    "password": "u1!xowukelewod"
  },
  {
    "firstName": "Ova",
    "lastName": "Bradtke",
    "email": "ova_bradtke@gmail.com",
    "username": "ova.bradtke72",
    "password": "u1!fusukuwagix"
  },
  {
    "firstName": "Dina",
    "lastName": "Bogisich",
    "email": "dina.bogisich79@hotmail.com",
    "username": "dina_bogisich",
    "password": "u1!leromawosep"
  },
  {
    "firstName": "Laurianne",
    "lastName": "Nicolas",
    "email": "laurianne.nicolas@hotmail.com",
    "username": "laurianne67",
    "password": "u1!litewawezum"
  },
  {
    "firstName": "Amelie",
    "lastName": "Hyatt",
    "email": "amelie33@hotmail.com",
    "username": "amelie72",
    "password": "u1!banemayakiq"
  },
  {
    "firstName": "Horacio",
    "lastName": "Bradtke",
    "email": "horacio.bradtke@hotmail.com",
    "username": "horacio.bradtke",
    "password": "u1!nakinoyeceb"
  },
  {
    "firstName": "Mossie",
    "lastName": "O'Conner",
    "email": "mossie47@hotmail.com",
    "username": "mossie.oconner",
    "password": "u1!yuzusagotot"
  },
  {
    "firstName": "Bernadette",
    "lastName": "Denesik",
    "email": "bernadette_denesik@hotmail.com",
    "username": "bernadette.denesik94",
    "password": "u1!hanozunehof"
  },
  {
    "firstName": "Fritz",
    "lastName": "Stehr",
    "email": "fritz_stehr@gmail.com",
    "username": "fritz_stehr",
    "password": "u1!hilosocazoh"
  },
  {
    "firstName": "Albin",
    "lastName": "Lakin",
    "email": "albin.lakin@gmail.com",
    "username": "albin7",
    "password": "u1!wawubiluzec"
  },
  {
    "firstName": "Sigmund",
    "lastName": "Schoen",
    "email": "sigmund_schoen35@hotmail.com",
    "username": "sigmund.schoen48",
    "password": "u1!padubuvarim"
  },
  {
    "firstName": "Florian",
    "lastName": "Connelly",
    "email": "florian_connelly85@gmail.com",
    "username": "florian_connelly",
    "password": "u1!lopilikukap"
  },
  {
    "firstName": "Neal",
    "lastName": "Cormier",
    "email": "neal46@hotmail.com",
    "username": "neal_cormier",
    "password": "u1!taqoquneruw"
  },
  {
    "firstName": "Halie",
    "lastName": "Keeling",
    "email": "halie.keeling@gmail.com",
    "username": "halie_keeling17",
    "password": "u1!miqogupaman"
  },
  {
    "firstName": "Kenna",
    "lastName": "Fisher",
    "email": "kenna88@hotmail.com",
    "username": "kenna_fisher",
    "password": "u1!tuvugabuwur"
  },
  {
    "firstName": "Ashtyn",
    "lastName": "Ferry",
    "email": "ashtyn_ferry84@hotmail.com",
    "username": "ashtyn_ferry",
    "password": "u1!sumakoqiron"
  },
  {
    "firstName": "Dawn",
    "lastName": "Pagac",
    "email": "dawn47@gmail.com",
    "username": "dawn92",
    "password": "u1!tusisedocak"
  },
  {
    "firstName": "Matt",
    "lastName": "Effertz",
    "email": "matt12@yahoo.com",
    "username": "matt_effertz",
    "password": "u1!goyejanekig"
  },
  {
    "firstName": "Pablo",
    "lastName": "Walker",
    "email": "pablo.walker13@gmail.com",
    "username": "pablo.walker",
    "password": "u1!zexoxeqerey"
  },
  {
    "firstName": "Amara",
    "lastName": "Douglas",
    "email": "amara_douglas64@hotmail.com",
    "username": "amara.douglas",
    "password": "u1!quguwefilan"
  },
  {
    "firstName": "Alessandro",
    "lastName": "Thiel",
    "email": "alessandro_thiel81@gmail.com",
    "username": "alessandro.thiel",
    "password": "u1!rofasisatek"
  },
  {
    "firstName": "Kelsi",
    "lastName": "Zieme",
    "email": "kelsi57@hotmail.com",
    "username": "kelsi87",
    "password": "u1!pumehowifej"
  },
  {
    "firstName": "Waino",
    "lastName": "Torp",
    "email": "waino_torp@yahoo.com",
    "username": "waino49",
    "password": "u1!kedaqokaqul"
  },
  {
    "firstName": "Omer",
    "lastName": "Dietrich",
    "email": "omer_dietrich@yahoo.com",
    "username": "omer.dietrich64",
    "password": "u1!kitozuturip"
  },
  {
    "firstName": "Delia",
    "lastName": "Bartoletti",
    "email": "delia.bartoletti@gmail.com",
    "username": "delia.bartoletti21",
    "password": "u1!tuwuyekabuw"
  },
  {
    "firstName": "Hilton",
    "lastName": "O'Conner",
    "email": "hilton_oconner76@gmail.com",
    "username": "hilton_oconner22",
    "password": "u1!dofoyeyosup"
  },
  {
    "firstName": "Sydnie",
    "lastName": "Mosciski",
    "email": "sydnie_mosciski23@yahoo.com",
    "username": "sydnie_mosciski",
    "password": "u1!widebesisab"
  },
  {
    "firstName": "Lynn",
    "lastName": "Vandervort",
    "email": "lynn24@gmail.com",
    "username": "lynn_vandervort1",
    "password": "u1!fobuqepomic"
  },
  {
    "firstName": "Edwin",
    "lastName": "Grady",
    "email": "edwin.grady@gmail.com",
    "username": "edwin_grady73",
    "password": "u1!yelihubicac"
  },
  {
    "firstName": "Jordan",
    "lastName": "Leffler",
    "email": "jordan75@gmail.com",
    "username": "jordan.leffler61",
    "password": "u1!suvedaxoyay"
  },
  {
    "firstName": "Shad",
    "lastName": "Kassulke",
    "email": "shad_kassulke7@hotmail.com",
    "username": "shad_kassulke71",
    "password": "u1!gajabaxiwul"
  },
  {
    "firstName": "Diamond",
    "lastName": "Crist",
    "email": "diamond22@gmail.com",
    "username": "diamond.crist",
    "password": "u1!jeyizuxiqac"
  },
  {
    "firstName": "Jackeline",
    "lastName": "McGlynn",
    "email": "jackeline31@gmail.com",
    "username": "jackeline_mcglynn",
    "password": "u1!gasihesumit"
  },
  {
    "firstName": "Vernie",
    "lastName": "Stroman",
    "email": "vernie_stroman@hotmail.com",
    "username": "vernie_stroman",
    "password": "u1!torusecefug"
  },
  {
    "firstName": "Lysanne",
    "lastName": "Zieme",
    "email": "lysanne46@hotmail.com",
    "username": "lysanne.zieme6",
    "password": "u1!noxudecepor"
  },
  {
    "firstName": "Lera",
    "lastName": "Hand",
    "email": "lera_hand54@yahoo.com",
    "username": "lera.hand2",
    "password": "u1!nesucikuxet"
  },
  {
    "firstName": "Dorcas",
    "lastName": "Williamson",
    "email": "dorcas82@yahoo.com",
    "username": "dorcas_williamson14",
    "password": "u1!muzumoregid"
  },
  {
    "firstName": "Monserrat",
    "lastName": "Doyle",
    "email": "monserrat.doyle75@hotmail.com",
    "username": "monserrat.doyle46",
    "password": "u1!waginozejom"
  },
  {
    "firstName": "Kirstin",
    "lastName": "Bradtke",
    "email": "kirstin_bradtke30@gmail.com",
    "username": "kirstin.bradtke",
    "password": "u1!fepujamurig"
  },
  {
    "firstName": "Lionel",
    "lastName": "Kessler",
    "email": "lionel_kessler@hotmail.com",
    "username": "lionel.kessler62",
    "password": "u1!lemubetoquz"
  },
  {
    "firstName": "Devyn",
    "lastName": "Medhurst",
    "email": "devyn.medhurst20@hotmail.com",
    "username": "devyn.medhurst21",
    "password": "u1!hobijeyadih"
  },
  {
    "firstName": "Teagan",
    "lastName": "Wisozk",
    "email": "teagan_wisozk@hotmail.com",
    "username": "teagan28",
    "password": "u1!gihiwidulow"
  },
  {
    "firstName": "Mary",
    "lastName": "Carter",
    "email": "mary15@gmail.com",
    "username": "mary82",
    "password": "u1!popirateqex"
  },
  {
    "firstName": "Kayli",
    "lastName": "Heathcote",
    "email": "kayli71@gmail.com",
    "username": "kayli.heathcote69",
    "password": "u1!libeludujec"
  },
  {
    "firstName": "Sophie",
    "lastName": "Murazik",
    "email": "sophie75@gmail.com",
    "username": "sophie41",
    "password": "u1!hucohivehax"
  },
  {
    "firstName": "Karl",
    "lastName": "Olson",
    "email": "karl.olson77@gmail.com",
    "username": "karl89",
    "password": "u1!vucuzidokoh"
  },
  {
    "firstName": "Shanel",
    "lastName": "Lowe",
    "email": "shanel98@hotmail.com",
    "username": "shanel_lowe57",
    "password": "u1!dapivaxedab"
  },
  {
    "firstName": "Felicia",
    "lastName": "Swaniawski",
    "email": "felicia_swaniawski4@yahoo.com",
    "username": "felicia.swaniawski",
    "password": "u1!fejidagipuy"
  },
  {
    "firstName": "Vicente",
    "lastName": "Rolfson",
    "email": "vicente_rolfson14@yahoo.com",
    "username": "vicente_rolfson27",
    "password": "u1!cegazuxofak"
  },
  {
    "firstName": "Lynn",
    "lastName": "Gleichner",
    "email": "lynn.gleichner@gmail.com",
    "username": "lynn.gleichner",
    "password": "u1!jilezeferaf"
  },
  {
    "firstName": "Ashley",
    "lastName": "Stroman",
    "email": "ashley.stroman@gmail.com",
    "username": "ashley.stroman",
    "password": "u1!ladejidigek"
  },
  {
    "firstName": "Amaya",
    "lastName": "VonRueden",
    "email": "amaya.vonrueden61@gmail.com",
    "username": "amaya27",
    "password": "u1!xohojuzokem"
  },
  {
    "firstName": "Kale",
    "lastName": "Hills",
    "email": "kale.hills68@yahoo.com",
    "username": "kale73",
    "password": "u1!cawadaquwav"
  },
  {
    "firstName": "Summer",
    "lastName": "Haag",
    "email": "summer_haag82@hotmail.com",
    "username": "summer_haag",
    "password": "u1!dabexerodef"
  },
  {
    "firstName": "Durward",
    "lastName": "Hahn",
    "email": "durward_hahn7@yahoo.com",
    "username": "durward64",
    "password": "u1!vabuqekirub"
  },
  {
    "firstName": "Judd",
    "lastName": "Cremin",
    "email": "judd_cremin@hotmail.com",
    "username": "judd_cremin94",
    "password": "u1!zojamaniqid"
  },
  {
    "firstName": "Myrtis",
    "lastName": "Turcotte",
    "email": "myrtis_turcotte@yahoo.com",
    "username": "myrtis.turcotte89",
    "password": "u1!rojakurodek"
  },
  {
    "firstName": "Simeon",
    "lastName": "Morissette",
    "email": "simeon_morissette21@gmail.com",
    "username": "simeon_morissette94",
    "password": "u1!kewaqilaxic"
  },
  {
    "firstName": "Rosamond",
    "lastName": "Weissnat",
    "email": "rosamond.weissnat@gmail.com",
    "username": "rosamond_weissnat",
    "password": "u1!basijuqiriz"
  },
  {
    "firstName": "Jensen",
    "lastName": "Willms",
    "email": "jensen_willms37@gmail.com",
    "username": "jensen33",
    "password": "u1!sugopeyoqom"
  },
  {
    "firstName": "Lester",
    "lastName": "Predovic",
    "email": "lester.predovic@gmail.com",
    "username": "lester.predovic83",
    "password": "u1!likufupequr"
  },
  {
    "firstName": "Tom",
    "lastName": "VonRueden",
    "email": "tom69@hotmail.com",
    "username": "tom_vonrueden",
    "password": "u1!pizitozivec"
  },
  {
    "firstName": "Louvenia",
    "lastName": "Smitham",
    "email": "louvenia_smitham@gmail.com",
    "username": "louvenia79",
    "password": "u1!pafeyuxamuv"
  },
  {
    "firstName": "Sarah",
    "lastName": "Johnson",
    "email": "sarah91@yahoo.com",
    "username": "sarah.johnson44",
    "password": "u1!zifihiwahep"
  },
  {
    "firstName": "Tess",
    "lastName": "Veum",
    "email": "tess80@yahoo.com",
    "username": "tess3",
    "password": "u1!yihododofoj"
  },
  {
    "firstName": "Jerrod",
    "lastName": "Kessler",
    "email": "jerrod.kessler@hotmail.com",
    "username": "jerrod_kessler76",
    "password": "u1!wepubucorey"
  },
  {
    "firstName": "Chesley",
    "lastName": "Friesen",
    "email": "chesley_friesen73@gmail.com",
    "username": "chesley.friesen44",
    "password": "u1!jufotuqinof"
  },
  {
    "firstName": "Tad",
    "lastName": "Lockman",
    "email": "tad.lockman57@hotmail.com",
    "username": "tad.lockman60",
    "password": "u1!jedamaqosal"
  },
  {
    "firstName": "Jasmin",
    "lastName": "Ondricka",
    "email": "jasmin_ondricka99@yahoo.com",
    "username": "jasmin7",
    "password": "u1!camofuberid"
  },
  {
    "firstName": "Ralph",
    "lastName": "Schamberger",
    "email": "ralph_schamberger8@yahoo.com",
    "username": "ralph.schamberger0",
    "password": "u1!wewoxuvupil"
  },
  {
    "firstName": "Delores",
    "lastName": "Yost",
    "email": "delores_yost@hotmail.com",
    "username": "delores77",
    "password": "u1!malileyezoc"
  },
  {
    "firstName": "Zella",
    "lastName": "Sporer",
    "email": "zella_sporer83@hotmail.com",
    "username": "zella.sporer87",
    "password": "u1!yalemujebes"
  },
  {
    "firstName": "Carolina",
    "lastName": "Hodkiewicz",
    "email": "carolina_hodkiewicz@yahoo.com",
    "username": "carolina.hodkiewicz21",
    "password": "u1!fupifaqobaw"
  },
  {
    "firstName": "Monty",
    "lastName": "Bernier",
    "email": "monty_bernier@yahoo.com",
    "username": "monty_bernier",
    "password": "u1!sagicigitiq"
  },
  {
    "firstName": "Misael",
    "lastName": "Brekke",
    "email": "misael.brekke90@yahoo.com",
    "username": "misael.brekke",
    "password": "u1!zikesocipif"
  },
  {
    "firstName": "Bo",
    "lastName": "Murphy",
    "email": "bo_murphy15@yahoo.com",
    "username": "bo82",
    "password": "u1!sehifabelav"
  },
  {
    "firstName": "Alejandra",
    "lastName": "Emard",
    "email": "alejandra10@gmail.com",
    "username": "alejandra26",
    "password": "u1!buyebititer"
  },
  {
    "firstName": "Ignacio",
    "lastName": "Reichert",
    "email": "ignacio38@gmail.com",
    "username": "ignacio.reichert77",
    "password": "u1!xerotolomec"
  },
  {
    "firstName": "Evans",
    "lastName": "Marquardt",
    "email": "evans10@gmail.com",
    "username": "evans42",
    "password": "u1!weribejudey"
  },
  {
    "firstName": "Dana",
    "lastName": "Blick",
    "email": "dana_blick@hotmail.com",
    "username": "dana84",
    "password": "u1!polurarohip"
  },
  {
    "firstName": "Dell",
    "lastName": "Koelpin",
    "email": "dell91@hotmail.com",
    "username": "dell53",
    "password": "u1!duyasitakut"
  },
  {
    "firstName": "Jude",
    "lastName": "Marvin",
    "email": "jude_marvin@yahoo.com",
    "username": "jude14",
    "password": "u1!yawumadetef"
  },
  {
    "firstName": "Everette",
    "lastName": "Nikolaus",
    "email": "everette_nikolaus@yahoo.com",
    "username": "everette.nikolaus",
    "password": "u1!qihehokepat"
  },
  {
    "firstName": "Caesar",
    "lastName": "Kautzer",
    "email": "caesar_kautzer4@gmail.com",
    "username": "caesar_kautzer",
    "password": "u1!kamofijerog"
  },
  {
    "firstName": "Rosanna",
    "lastName": "Murphy",
    "email": "rosanna.murphy5@hotmail.com",
    "username": "rosanna85",
    "password": "u1!bupozazizuc"
  },
  {
    "firstName": "Nina",
    "lastName": "Collins",
    "email": "nina.collins64@yahoo.com",
    "username": "nina.collins40",
    "password": "u1!bicehirinec"
  },
  {
    "firstName": "Watson",
    "lastName": "Ortiz",
    "email": "watson.ortiz@hotmail.com",
    "username": "watson.ortiz",
    "password": "u1!giyebocaseh"
  },
  {
    "firstName": "Ima",
    "lastName": "Schmeler",
    "email": "ima.schmeler@hotmail.com",
    "username": "ima.schmeler23",
    "password": "u1!yozulekopow"
  },
  {
    "firstName": "Valentin",
    "lastName": "Hilpert",
    "email": "valentin69@hotmail.com",
    "username": "valentin_hilpert",
    "password": "u1!dasamikivuc"
  },
  {
    "firstName": "Melvin",
    "lastName": "Schumm",
    "email": "melvin63@hotmail.com",
    "username": "melvin_schumm",
    "password": "u1!fasoyerapoy"
  },
  {
    "firstName": "Kailyn",
    "lastName": "Feeney",
    "email": "kailyn14@hotmail.com",
    "username": "kailyn_feeney",
    "password": "u1!wutedemulob"
  }
]