[
  {
    "firstName": "Daniela",
    "lastName": "Adams",
    "email": "daniela84@gmail.com",
    "username": "daniela0",
    "password": "pininumoxa"
  },
  {
    "firstName": "Raina",
    "lastName": "Schulist",
    "email": "raina_schulist72@yahoo.com",
    "username": "raina20",
    "password": "dijovozeka"
  },
  {
    "firstName": "Raegan",
    "lastName": "McKenzie",
    "email": "raegan.mckenzie@yahoo.com",
    "username": "raegan11",
    "password": "hececoxece"
  },
  {
    "firstName": "Holly",
    "lastName": "Grady",
    "email": "holly_grady@yahoo.com",
    "username": "holly35",
    "password": "yixitifaka"
  },
  {
    "firstName": "Zechariah",
    "lastName": "Runolfsson",
    "email": "zechariah_runolfsson@yahoo.com",
    "username": "zechariah_runolfsson",
    "password": "poqaxareti"
  },
  {
    "firstName": "Ricardo",
    "lastName": "Eichmann",
    "email": "ricardo_eichmann92@yahoo.com",
    "username": "ricardo_eichmann",
    "password": "penazoyesa"
  },
  {
    "firstName": "Lilliana",
    "lastName": "Langworth",
    "email": "lilliana.langworth79@yahoo.com",
    "username": "lilliana_langworth30",
    "password": "vorusiwabu"
  },
  {
    "firstName": "Sallie",
    "lastName": "Corwin",
    "email": "sallie_corwin@gmail.com",
    "username": "sallie_corwin85",
    "password": "nenuqosiya"
  },
  {
    "firstName": "Cornell",
    "lastName": "Marks",
    "email": "cornell36@yahoo.com",
    "username": "cornell_marks",
    "password": "jawazogijo"
  },
  {
    "firstName": "Murl",
    "lastName": "Hickle",
    "email": "murl_hickle@gmail.com",
    "username": "murl_hickle",
    "password": "qefohozoxu"
  },
  {
    "firstName": "Modesto",
    "lastName": "Blick",
    "email": "modesto_blick36@gmail.com",
    "username": "modesto_blick10",
    "password": "wazalehebe"
  },
  {
    "firstName": "Jameson",
    "lastName": "Reichel",
    "email": "jameson29@gmail.com",
    "username": "jameson75",
    "password": "nugidisope"
  },
  {
    "firstName": "Wayne",
    "lastName": "Strosin",
    "email": "wayne_strosin67@yahoo.com",
    "username": "wayne.strosin",
    "password": "disanaxeja"
  },
  {
    "firstName": "Coby",
    "lastName": "Nikolaus",
    "email": "coby51@yahoo.com",
    "username": "coby_nikolaus9",
    "password": "duyufuroqu"
  },
  {
    "firstName": "Sherman",
    "lastName": "Connelly",
    "email": "sherman.connelly@gmail.com",
    "username": "sherman.connelly",
    "password": "liyetuyake"
  },
  {
    "firstName": "Izabella",
    "lastName": "Heaney",
    "email": "izabella.heaney26@gmail.com",
    "username": "izabella49",
    "password": "jacanavosu"
  },
  {
    "firstName": "Rose",
    "lastName": "Muller",
    "email": "rose_muller60@yahoo.com",
    "username": "rose_muller",
    "password": "lawurotapi"
  },
  {
    "firstName": "Marlin",
    "lastName": "Buckridge",
    "email": "marlin.buckridge@hotmail.com",
    "username": "marlin.buckridge",
    "password": "zewowizusa"
  },
  {
    "firstName": "Deion",
    "lastName": "Gusikowski",
    "email": "deion_gusikowski51@gmail.com",
    "username": "deion.gusikowski61",
    "password": "pupiqakidu"
  },
  {
    "firstName": "Hudson",
    "lastName": "Keeling",
    "email": "hudson.keeling@yahoo.com",
    "username": "hudson11",
    "password": "timukuqeno"
  },
  {
    "firstName": "Landen",
    "lastName": "Gusikowski",
    "email": "landen_gusikowski@yahoo.com",
    "username": "landen_gusikowski",
    "password": "samebajeqo"
  },
  {
    "firstName": "Abdiel",
    "lastName": "Treutel",
    "email": "abdiel_treutel@hotmail.com",
    "username": "abdiel.treutel",
    "password": "logemoniva"
  },
  {
    "firstName": "Erich",
    "lastName": "Bartoletti",
    "email": "erich_bartoletti78@gmail.com",
    "username": "erich48",
    "password": "zayohigevu"
  },
  {
    "firstName": "Chyna",
    "lastName": "Hyatt",
    "email": "chyna.hyatt30@hotmail.com",
    "username": "chyna_hyatt",
    "password": "gesofusuru"
  },
  {
    "firstName": "Rick",
    "lastName": "Jaskolski",
    "email": "rick.jaskolski@yahoo.com",
    "username": "rick_jaskolski",
    "password": "vozoxoniqo"
  },
  {
    "firstName": "Marquis",
    "lastName": "Mayer",
    "email": "marquis45@hotmail.com",
    "username": "marquis_mayer",
    "password": "behigetake"
  },
  {
    "firstName": "Gaylord",
    "lastName": "Keebler",
    "email": "gaylord.keebler13@gmail.com",
    "username": "gaylord80",
    "password": "vuhodebonu"
  },
  {
    "firstName": "Crawford",
    "lastName": "Tromp",
    "email": "crawford.tromp@yahoo.com",
    "username": "crawford12",
    "password": "debadebevi"
  },
  {
    "firstName": "Garett",
    "lastName": "Hintz",
    "email": "garett_hintz35@hotmail.com",
    "username": "garett_hintz",
    "password": "cefucudifo"
  },
  {
    "firstName": "Domenic",
    "lastName": "Labadie",
    "email": "domenic76@hotmail.com",
    "username": "domenic81",
    "password": "hopifajuge"
  },
  {
    "firstName": "Gino",
    "lastName": "Koss",
    "email": "gino_koss99@hotmail.com",
    "username": "gino24",
    "password": "junoxanavu"
  },
  {
    "firstName": "Demetris",
    "lastName": "Rogahn",
    "email": "demetris70@hotmail.com",
    "username": "demetris60",
    "password": "goqeharuta"
  },
  {
    "firstName": "Agnes",
    "lastName": "Barton",
    "email": "agnes78@gmail.com",
    "username": "agnes4",
    "password": "tavofopiro"
  },
  {
    "firstName": "Helen",
    "lastName": "Friesen",
    "email": "helen79@gmail.com",
    "username": "helen.friesen",
    "password": "hevodetina"
  },
  {
    "firstName": "Kobe",
    "lastName": "Kunde",
    "email": "kobe11@yahoo.com",
    "username": "kobe.kunde",
    "password": "folatatutu"
  },
  {
    "firstName": "Jody",
    "lastName": "Langworth",
    "email": "jody_langworth@yahoo.com",
    "username": "jody.langworth49",
    "password": "wozubemibu"
  },
  {
    "firstName": "Destiny",
    "lastName": "Jerde",
    "email": "destiny.jerde30@yahoo.com",
    "username": "destiny3",
    "password": "mavunomuti"
  },
  {
    "firstName": "Emelia",
    "lastName": "Emmerich",
    "email": "emelia.emmerich@gmail.com",
    "username": "emelia35",
    "password": "ravexiseno"
  },
  {
    "firstName": "Pietro",
    "lastName": "Emard",
    "email": "pietro.emard@hotmail.com",
    "username": "pietro.emard46",
    "password": "kasinidabi"
  },
  {
    "firstName": "Kristofer",
    "lastName": "Metz",
    "email": "kristofer10@yahoo.com",
    "username": "kristofer7",
    "password": "kemiwabipu"
  },
  {
    "firstName": "Gregoria",
    "lastName": "Ruecker",
    "email": "gregoria_ruecker49@yahoo.com",
    "username": "gregoria23",
    "password": "bufugatuso"
  },
  {
    "firstName": "Alba",
    "lastName": "Kuhic",
    "email": "alba37@yahoo.com",
    "username": "alba51",
    "password": "yuyebabosu"
  },
  {
    "firstName": "Obie",
    "lastName": "Aufderhar",
    "email": "obie87@gmail.com",
    "username": "obie91",
    "password": "yuwuxumipi"
  },
  {
    "firstName": "Courtney",
    "lastName": "Lang",
    "email": "courtney.lang8@yahoo.com",
    "username": "courtney_lang",
    "password": "gixiqenina"
  },
  {
    "firstName": "Juliet",
    "lastName": "Wisoky",
    "email": "juliet79@hotmail.com",
    "username": "juliet_wisoky",
    "password": "muquzazuki"
  },
  {
    "firstName": "Ulices",
    "lastName": "Fadel",
    "email": "ulices28@hotmail.com",
    "username": "ulices.fadel",
    "password": "cenutokize"
  },
  {
    "firstName": "Ruby",
    "lastName": "Cummerata",
    "email": "ruby.cummerata29@hotmail.com",
    "username": "ruby_cummerata",
    "password": "nucudogava"
  },
  {
    "firstName": "Coy",
    "lastName": "Medhurst",
    "email": "coy30@yahoo.com",
    "username": "coy_medhurst",
    "password": "zaxuhihuxe"
  },
  {
    "firstName": "Jacquelyn",
    "lastName": "Padberg",
    "email": "jacquelyn_padberg79@hotmail.com",
    "username": "jacquelyn_padberg",
    "password": "satanidura"
  },
  {
    "firstName": "Ima",
    "lastName": "Koepp",
    "email": "ima_koepp@yahoo.com",
    "username": "ima_koepp",
    "password": "rekujacici"
  },
  {
    "firstName": "Kennedy",
    "lastName": "Wilderman",
    "email": "kennedy55@gmail.com",
    "username": "kennedy_wilderman",
    "password": "numebahoba"
  },
  {
    "firstName": "Jacinto",
    "lastName": "Farrell",
    "email": "jacinto.farrell@hotmail.com",
    "username": "jacinto.farrell26",
    "password": "goyixepeto"
  },
  {
    "firstName": "Lorena",
    "lastName": "Koch",
    "email": "lorena_koch@gmail.com",
    "username": "lorena9",
    "password": "pimedecubo"
  },
  {
    "firstName": "Kassandra",
    "lastName": "Beahan",
    "email": "kassandra78@gmail.com",
    "username": "kassandra.beahan",
    "password": "soqiyijene"
  },
  {
    "firstName": "Janiya",
    "lastName": "Rosenbaum",
    "email": "janiya_rosenbaum@yahoo.com",
    "username": "janiya_rosenbaum72",
    "password": "cimiwefara"
  },
  {
    "firstName": "Michele",
    "lastName": "Ferry",
    "email": "michele.ferry@yahoo.com",
    "username": "michele19",
    "password": "dewenimemi"
  },
  {
    "firstName": "Vickie",
    "lastName": "Goodwin",
    "email": "vickie_goodwin@gmail.com",
    "username": "vickie.goodwin32",
    "password": "nuyopedoru"
  },
  {
    "firstName": "Evalyn",
    "lastName": "Waelchi",
    "email": "evalyn_waelchi@hotmail.com",
    "username": "evalyn37",
    "password": "xivugatuhu"
  },
  {
    "firstName": "Modesto",
    "lastName": "Spinka",
    "email": "modesto94@gmail.com",
    "username": "modesto13",
    "password": "gocarujuxe"
  },
  {
    "firstName": "Amparo",
    "lastName": "Marvin",
    "email": "amparo_marvin42@hotmail.com",
    "username": "amparo_marvin",
    "password": "baducufira"
  },
  {
    "firstName": "Herta",
    "lastName": "Shields",
    "email": "herta30@gmail.com",
    "username": "herta83",
    "password": "duzohaxeja"
  },
  {
    "firstName": "Karolann",
    "lastName": "Corkery",
    "email": "karolann.corkery83@yahoo.com",
    "username": "karolann_corkery14",
    "password": "duxeqoboye"
  },
  {
    "firstName": "Jena",
    "lastName": "Abbott",
    "email": "jena.abbott49@yahoo.com",
    "username": "jena.abbott47",
    "password": "qadunamoma"
  },
  {
    "firstName": "Rickey",
    "lastName": "Walker",
    "email": "rickey_walker44@hotmail.com",
    "username": "rickey.walker",
    "password": "tiyakiyepo"
  },
  {
    "firstName": "Mario",
    "lastName": "Schimmel",
    "email": "mario86@hotmail.com",
    "username": "mario1",
    "password": "hemezagoji"
  },
  {
    "firstName": "Bradford",
    "lastName": "Greenholt",
    "email": "bradford76@gmail.com",
    "username": "bradford_greenholt46",
    "password": "ropizigeku"
  },
  {
    "firstName": "Percy",
    "lastName": "Kovacek",
    "email": "percy_kovacek@gmail.com",
    "username": "percy_kovacek",
    "password": "xokitequwo"
  },
  {
    "firstName": "Eriberto",
    "lastName": "Goodwin",
    "email": "eriberto_goodwin@gmail.com",
    "username": "eriberto_goodwin",
    "password": "yuxefuqupi"
  },
  {
    "firstName": "Josie",
    "lastName": "Howell",
    "email": "josie.howell90@gmail.com",
    "username": "josie_howell",
    "password": "mimiquguno"
  },
  {
    "firstName": "Hadley",
    "lastName": "Hilll",
    "email": "hadley_hilll32@gmail.com",
    "username": "hadley31",
    "password": "tubiyimovo"
  },
  {
    "firstName": "Ella",
    "lastName": "Medhurst",
    "email": "ella_medhurst@gmail.com",
    "username": "ella_medhurst",
    "password": "gejavodeto"
  },
  {
    "firstName": "Darryl",
    "lastName": "Bauch",
    "email": "darryl_bauch@hotmail.com",
    "username": "darryl_bauch",
    "password": "quguwozeku"
  },
  {
    "firstName": "Hermina",
    "lastName": "Bernier",
    "email": "hermina88@yahoo.com",
    "username": "hermina5",
    "password": "babixebaqe"
  },
  {
    "firstName": "Wilhelmine",
    "lastName": "McLaughlin",
    "email": "wilhelmine_mclaughlin@hotmail.com",
    "username": "wilhelmine.mclaughlin56",
    "password": "kasexawobe"
  },
  {
    "firstName": "Jordy",
    "lastName": "Cronin",
    "email": "jordy_cronin96@hotmail.com",
    "username": "jordy.cronin62",
    "password": "hamalutuka"
  },
  {
    "firstName": "Delfina",
    "lastName": "Powlowski",
    "email": "delfina_powlowski75@hotmail.com",
    "username": "delfina.powlowski",
    "password": "qilufenozi"
  },
  {
    "firstName": "Estella",
    "lastName": "Terry",
    "email": "estella.terry@gmail.com",
    "username": "estella.terry96",
    "password": "baderiyitu"
  },
  {
    "firstName": "Ozella",
    "lastName": "Schinner",
    "email": "ozella.schinner@hotmail.com",
    "username": "ozella20",
    "password": "fuqojikoyo"
  },
  {
    "firstName": "Natalia",
    "lastName": "Smith",
    "email": "natalia83@gmail.com",
    "username": "natalia_smith4",
    "password": "yegukubimi"
  },
  {
    "firstName": "Bryon",
    "lastName": "Huel",
    "email": "bryon.huel@yahoo.com",
    "username": "bryon_huel17",
    "password": "nujujepale"
  },
  {
    "firstName": "Maverick",
    "lastName": "Boyer",
    "email": "maverick_boyer@gmail.com",
    "username": "maverick93",
    "password": "lacaragoye"
  },
  {
    "firstName": "Caden",
    "lastName": "Vandervort",
    "email": "caden_vandervort@hotmail.com",
    "username": "caden99",
    "password": "kezazudusu"
  },
  {
    "firstName": "Herminia",
    "lastName": "Ratke",
    "email": "herminia66@gmail.com",
    "username": "herminia_ratke58",
    "password": "vamitoxiqo"
  },
  {
    "firstName": "Myriam",
    "lastName": "Runolfsson",
    "email": "myriam_runolfsson45@hotmail.com",
    "username": "myriam.runolfsson",
    "password": "dapoceqasu"
  },
  {
    "firstName": "Terence",
    "lastName": "Sauer",
    "email": "terence.sauer74@hotmail.com",
    "username": "terence_sauer77",
    "password": "venacegiqe"
  },
  {
    "firstName": "Neoma",
    "lastName": "MacGyver",
    "email": "neoma80@gmail.com",
    "username": "neoma.macgyver",
    "password": "sejugoqozi"
  },
  {
    "firstName": "Gonzalo",
    "lastName": "Blanda",
    "email": "gonzalo.blanda@yahoo.com",
    "username": "gonzalo31",
    "password": "kabuniwili"
  },
  {
    "firstName": "Talia",
    "lastName": "Sawayn",
    "email": "talia_sawayn@yahoo.com",
    "username": "talia8",
    "password": "jiqomavehi"
  },
  {
    "firstName": "Malika",
    "lastName": "McGlynn",
    "email": "malika_mcglynn@gmail.com",
    "username": "malika_mcglynn",
    "password": "bowasafofi"
  },
  {
    "firstName": "Cory",
    "lastName": "Kunde",
    "email": "cory68@hotmail.com",
    "username": "cory99",
    "password": "wopeveneso"
  },
  {
    "firstName": "Donnie",
    "lastName": "Walter",
    "email": "donnie75@hotmail.com",
    "username": "donnie_walter29",
    "password": "tosuquloze"
  },
  {
    "firstName": "Braden",
    "lastName": "Boyle",
    "email": "braden_boyle@yahoo.com",
    "username": "braden_boyle25",
    "password": "xinogivuza"
  },
  {
    "firstName": "Grace",
    "lastName": "Hills",
    "email": "grace.hills61@gmail.com",
    "username": "grace_hills30",
    "password": "raqidetoda"
  },
  {
    "firstName": "Ulises",
    "lastName": "Larson",
    "email": "ulises70@gmail.com",
    "username": "ulises15",
    "password": "neleqagivu"
  },
  {
    "firstName": "Armando",
    "lastName": "Kunze",
    "email": "armando.kunze6@gmail.com",
    "username": "armando11",
    "password": "podizewobe"
  },
  {
    "firstName": "Shania",
    "lastName": "Harris",
    "email": "shania_harris57@gmail.com",
    "username": "shania.harris",
    "password": "suyarureju"
  },
  {
    "firstName": "Clotilde",
    "lastName": "Littel",
    "email": "clotilde4@hotmail.com",
    "username": "clotilde.littel9",
    "password": "girocitobo"
  },
  {
    "firstName": "Tiana",
    "lastName": "Lueilwitz",
    "email": "tiana35@yahoo.com",
    "username": "tiana12",
    "password": "qagamevanu"
  },
  {
    "firstName": "Garret",
    "lastName": "Grimes",
    "email": "garret_grimes21@hotmail.com",
    "username": "garret_grimes4",
    "password": "tepunakeku"
  },
  {
    "firstName": "Stefan",
    "lastName": "Johnson",
    "email": "stefan.johnson40@hotmail.com",
    "username": "stefan_johnson",
    "password": "jizojegosa"
  },
  {
    "firstName": "Vinnie",
    "lastName": "Buckridge",
    "email": "vinnie7@yahoo.com",
    "username": "vinnie_buckridge",
    "password": "lajuzocisu"
  },
  {
    "firstName": "Raina",
    "lastName": "Braun",
    "email": "raina.braun17@hotmail.com",
    "username": "raina27",
    "password": "zotapoguka"
  },
  {
    "firstName": "Leann",
    "lastName": "Mohr",
    "email": "leann.mohr@yahoo.com",
    "username": "leann_mohr",
    "password": "lojepukezi"
  },
  {
    "firstName": "Keyon",
    "lastName": "Stroman",
    "email": "keyon33@yahoo.com",
    "username": "keyon.stroman",
    "password": "bijanorawa"
  },
  {
    "firstName": "Novella",
    "lastName": "Murazik",
    "email": "novella_murazik@yahoo.com",
    "username": "novella.murazik67",
    "password": "siwegufovu"
  },
  {
    "firstName": "Rogelio",
    "lastName": "Nienow",
    "email": "rogelio_nienow57@gmail.com",
    "username": "rogelio_nienow59",
    "password": "lezarotoke"
  },
  {
    "firstName": "Trycia",
    "lastName": "Strosin",
    "email": "trycia68@yahoo.com",
    "username": "trycia_strosin",
    "password": "sacavowazo"
  },
  {
    "firstName": "Bradford",
    "lastName": "Beatty",
    "email": "bradford.beatty84@yahoo.com",
    "username": "bradford.beatty33",
    "password": "demegehori"
  },
  {
    "firstName": "Edd",
    "lastName": "Harris",
    "email": "edd.harris55@hotmail.com",
    "username": "edd79",
    "password": "gisebisasa"
  },
  {
    "firstName": "Matteo",
    "lastName": "Harber",
    "email": "matteo_harber@hotmail.com",
    "username": "matteo85",
    "password": "kesiqadepi"
  },
  {
    "firstName": "Ernestina",
    "lastName": "Morissette",
    "email": "ernestina.morissette40@hotmail.com",
    "username": "ernestina.morissette18",
    "password": "calegapaho"
  },
  {
    "firstName": "Mario",
    "lastName": "Hodkiewicz",
    "email": "mario.hodkiewicz9@hotmail.com",
    "username": "mario.hodkiewicz",
    "password": "bipedinedu"
  },
  {
    "firstName": "Zack",
    "lastName": "Wolff",
    "email": "zack31@yahoo.com",
    "username": "zack.wolff31",
    "password": "salozahuco"
  },
  {
    "firstName": "Dasia",
    "lastName": "Douglas",
    "email": "dasia4@gmail.com",
    "username": "dasia_douglas74",
    "password": "sisakemapo"
  },
  {
    "firstName": "Ayla",
    "lastName": "Auer",
    "email": "ayla59@hotmail.com",
    "username": "ayla24",
    "password": "kurasuwofu"
  },
  {
    "firstName": "Yvette",
    "lastName": "Beatty",
    "email": "yvette96@hotmail.com",
    "username": "yvette_beatty12",
    "password": "japupavebi"
  },
  {
    "firstName": "Kathlyn",
    "lastName": "Kautzer",
    "email": "kathlyn.kautzer@yahoo.com",
    "username": "kathlyn_kautzer",
    "password": "gapuqeyiwi"
  },
  {
    "firstName": "Emmanuelle",
    "lastName": "Schaden",
    "email": "emmanuelle.schaden15@gmail.com",
    "username": "emmanuelle.schaden",
    "password": "sesalabeti"
  },
  {
    "firstName": "Catherine",
    "lastName": "Feil",
    "email": "catherine.feil@hotmail.com",
    "username": "catherine.feil",
    "password": "qigidagube"
  },
  {
    "firstName": "Sandy",
    "lastName": "Stroman",
    "email": "sandy98@hotmail.com",
    "username": "sandy26",
    "password": "xejirowayi"
  },
  {
    "firstName": "Jovan",
    "lastName": "Cormier",
    "email": "jovan.cormier@yahoo.com",
    "username": "jovan56",
    "password": "vomezinefa"
  },
  {
    "firstName": "Mckayla",
    "lastName": "Hane",
    "email": "mckayla61@hotmail.com",
    "username": "mckayla38",
    "password": "mohotefofa"
  },
  {
    "firstName": "Verlie",
    "lastName": "Witting",
    "email": "verlie_witting62@yahoo.com",
    "username": "verlie.witting30",
    "password": "wimucolixa"
  },
  {
    "firstName": "Kendrick",
    "lastName": "Abbott",
    "email": "kendrick.abbott@gmail.com",
    "username": "kendrick_abbott",
    "password": "xayecidovu"
  },
  {
    "firstName": "Shirley",
    "lastName": "McLaughlin",
    "email": "shirley.mclaughlin@gmail.com",
    "username": "shirley_mclaughlin",
    "password": "mumohuheqe"
  },
  {
    "firstName": "Noelia",
    "lastName": "Koch",
    "email": "noelia50@hotmail.com",
    "username": "noelia51",
    "password": "xigevucute"
  },
  {
    "firstName": "Dolores",
    "lastName": "Keebler",
    "email": "dolores.keebler@hotmail.com",
    "username": "dolores.keebler",
    "password": "kowamufape"
  },
  {
    "firstName": "Gabriella",
    "lastName": "McKenzie",
    "email": "gabriella79@yahoo.com",
    "username": "gabriella.mckenzie",
    "password": "yojugiyaka"
  },
  {
    "firstName": "Joesph",
    "lastName": "Weber",
    "email": "joesph_weber85@yahoo.com",
    "username": "joesph.weber61",
    "password": "cunuwopobu"
  },
  {
    "firstName": "Hillary",
    "lastName": "Schmidt",
    "email": "hillary_schmidt99@yahoo.com",
    "username": "hillary_schmidt5",
    "password": "xevekipube"
  },
  {
    "firstName": "Audie",
    "lastName": "Wunsch",
    "email": "audie.wunsch@gmail.com",
    "username": "audie.wunsch",
    "password": "gabekihavu"
  },
  {
    "firstName": "Rigoberto",
    "lastName": "Brown",
    "email": "rigoberto57@yahoo.com",
    "username": "rigoberto_brown1",
    "password": "coqowazasa"
  },
  {
    "firstName": "Amani",
    "lastName": "Koss",
    "email": "amani.koss56@gmail.com",
    "username": "amani84",
    "password": "fohazaziso"
  },
  {
    "firstName": "Gilda",
    "lastName": "Hackett",
    "email": "gilda30@yahoo.com",
    "username": "gilda_hackett87",
    "password": "kugoyowela"
  },
  {
    "firstName": "Cynthia",
    "lastName": "Wyman",
    "email": "cynthia_wyman66@yahoo.com",
    "username": "cynthia.wyman",
    "password": "puhudacoco"
  },
  {
    "firstName": "Johnathon",
    "lastName": "Dickens",
    "email": "johnathon_dickens@yahoo.com",
    "username": "johnathon.dickens",
    "password": "giqakaweca"
  },
  {
    "firstName": "Ramona",
    "lastName": "Waters",
    "email": "ramona27@hotmail.com",
    "username": "ramona_waters78",
    "password": "munirimopo"
  },
  {
    "firstName": "Genevieve",
    "lastName": "Dickinson",
    "email": "genevieve77@hotmail.com",
    "username": "genevieve_dickinson",
    "password": "wuquwaroxe"
  },
  {
    "firstName": "Giles",
    "lastName": "Herman",
    "email": "giles_herman81@gmail.com",
    "username": "giles_herman41",
    "password": "gidaguxexe"
  },
  {
    "firstName": "Cameron",
    "lastName": "DuBuque",
    "email": "cameron.dubuque14@hotmail.com",
    "username": "cameron69",
    "password": "racokowece"
  },
  {
    "firstName": "Ephraim",
    "lastName": "O'Connell",
    "email": "ephraim_oconnell@yahoo.com",
    "username": "ephraim_oconnell",
    "password": "laladobivu"
  },
  {
    "firstName": "Brody",
    "lastName": "Crona",
    "email": "brody.crona75@yahoo.com",
    "username": "brody_crona",
    "password": "mahedavito"
  },
  {
    "firstName": "Burnice",
    "lastName": "Weimann",
    "email": "burnice_weimann@hotmail.com",
    "username": "burnice.weimann",
    "password": "ditizifono"
  },
  {
    "firstName": "Maxine",
    "lastName": "Brown",
    "email": "maxine75@gmail.com",
    "username": "maxine_brown5",
    "password": "jipoxihebo"
  },
  {
    "firstName": "Gene",
    "lastName": "Rempel",
    "email": "gene71@yahoo.com",
    "username": "gene.rempel45",
    "password": "kugokoveda"
  },
  {
    "firstName": "Flavio",
    "lastName": "Lang",
    "email": "flavio.lang@hotmail.com",
    "username": "flavio_lang22",
    "password": "zififuxowu"
  },
  {
    "firstName": "Alison",
    "lastName": "Bergnaum",
    "email": "alison_bergnaum45@gmail.com",
    "username": "alison_bergnaum17",
    "password": "yoponidiza"
  },
  {
    "firstName": "Clifford",
    "lastName": "Legros",
    "email": "clifford51@hotmail.com",
    "username": "clifford69",
    "password": "vetapufuwu"
  },
  {
    "firstName": "Bobbie",
    "lastName": "Dibbert",
    "email": "bobbie_dibbert20@yahoo.com",
    "username": "bobbie25",
    "password": "kumiqimaqu"
  },
  {
    "firstName": "Meta",
    "lastName": "Gusikowski",
    "email": "meta_gusikowski72@gmail.com",
    "username": "meta.gusikowski",
    "password": "habibasiqe"
  },
  {
    "firstName": "Bruce",
    "lastName": "Anderson",
    "email": "bruce5@yahoo.com",
    "username": "bruce.anderson",
    "password": "gekuyacevi"
  },
  {
    "firstName": "Jan",
    "lastName": "Flatley",
    "email": "jan.flatley10@gmail.com",
    "username": "jan_flatley",
    "password": "damohogemu"
  },
  {
    "firstName": "Anya",
    "lastName": "Johnson",
    "email": "anya39@hotmail.com",
    "username": "anya96",
    "password": "velukigume"
  },
  {
    "firstName": "Tyrique",
    "lastName": "Nienow",
    "email": "tyrique.nienow@hotmail.com",
    "username": "tyrique_nienow29",
    "password": "nihigagado"
  },
  {
    "firstName": "Fletcher",
    "lastName": "Kessler",
    "email": "fletcher_kessler21@gmail.com",
    "username": "fletcher99",
    "password": "fariforobu"
  },
  {
    "firstName": "Tatyana",
    "lastName": "Gulgowski",
    "email": "tatyana.gulgowski@hotmail.com",
    "username": "tatyana_gulgowski44",
    "password": "wominezuje"
  },
  {
    "firstName": "Elsie",
    "lastName": "Greenholt",
    "email": "elsie_greenholt68@gmail.com",
    "username": "elsie.greenholt",
    "password": "zapogepelo"
  },
  {
    "firstName": "Rupert",
    "lastName": "Cremin",
    "email": "rupert.cremin51@hotmail.com",
    "username": "rupert_cremin",
    "password": "yokuxomewa"
  },
  {
    "firstName": "Bud",
    "lastName": "Koepp",
    "email": "bud.koepp@hotmail.com",
    "username": "bud_koepp",
    "password": "vaqupaveru"
  },
  {
    "firstName": "Alford",
    "lastName": "Stiedemann",
    "email": "alford.stiedemann54@yahoo.com",
    "username": "alford10",
    "password": "getopadega"
  },
  {
    "firstName": "Carolyne",
    "lastName": "Hagenes",
    "email": "carolyne.hagenes@hotmail.com",
    "username": "carolyne74",
    "password": "yifawamura"
  },
  {
    "firstName": "Kenneth",
    "lastName": "Becker",
    "email": "kenneth82@yahoo.com",
    "username": "kenneth85",
    "password": "panoxopaxu"
  },
  {
    "firstName": "Casandra",
    "lastName": "Ryan",
    "email": "casandra5@gmail.com",
    "username": "casandra.ryan",
    "password": "pehiyomiwu"
  },
  {
    "firstName": "Ernie",
    "lastName": "Swift",
    "email": "ernie.swift67@hotmail.com",
    "username": "ernie_swift9",
    "password": "sukulunemu"
  },
  {
    "firstName": "Frances",
    "lastName": "Hagenes",
    "email": "frances_hagenes3@hotmail.com",
    "username": "frances54",
    "password": "cizokepaca"
  },
  {
    "firstName": "Brisa",
    "lastName": "Collins",
    "email": "brisa_collins@yahoo.com",
    "username": "brisa_collins",
    "password": "lanufilasa"
  },
  {
    "firstName": "Eldred",
    "lastName": "McLaughlin",
    "email": "eldred.mclaughlin34@hotmail.com",
    "username": "eldred_mclaughlin8",
    "password": "yovetuqula"
  },
  {
    "firstName": "Clifton",
    "lastName": "Greenfelder",
    "email": "clifton_greenfelder28@yahoo.com",
    "username": "clifton.greenfelder",
    "password": "mivasefuvo"
  },
  {
    "firstName": "Eldon",
    "lastName": "Block",
    "email": "eldon_block@hotmail.com",
    "username": "eldon.block92",
    "password": "nokanozoba"
  },
  {
    "firstName": "Rhea",
    "lastName": "Glover",
    "email": "rhea74@gmail.com",
    "username": "rhea.glover4",
    "password": "temipapewa"
  },
  {
    "firstName": "Caroline",
    "lastName": "Cruickshank",
    "email": "caroline.cruickshank75@yahoo.com",
    "username": "caroline55",
    "password": "yurecabapi"
  },
  {
    "firstName": "Brycen",
    "lastName": "Pagac",
    "email": "brycen.pagac@gmail.com",
    "username": "brycen.pagac63",
    "password": "wogiwodivi"
  },
  {
    "firstName": "D'angelo",
    "lastName": "Grady",
    "email": "dangelo_grady@gmail.com",
    "username": "dangelo16",
    "password": "mamukowoka"
  },
  {
    "firstName": "Bessie",
    "lastName": "Goodwin",
    "email": "bessie.goodwin@yahoo.com",
    "username": "bessie65",
    "password": "qekehowoka"
  },
  {
    "firstName": "Bernadette",
    "lastName": "O'Connell",
    "email": "bernadette_oconnell79@gmail.com",
    "username": "bernadette.oconnell22",
    "password": "jalozarace"
  },
  {
    "firstName": "Maxwell",
    "lastName": "Cole",
    "email": "maxwell_cole@yahoo.com",
    "username": "maxwell37",
    "password": "rojeminayu"
  },
  {
    "firstName": "Simone",
    "lastName": "Ratke",
    "email": "simone_ratke@yahoo.com",
    "username": "simone_ratke43",
    "password": "memucaboxi"
  },
  {
    "firstName": "Sophie",
    "lastName": "Ward",
    "email": "sophie_ward18@yahoo.com",
    "username": "sophie49",
    "password": "difopahoru"
  },
  {
    "firstName": "Jasmin",
    "lastName": "Johnston",
    "email": "jasmin.johnston71@yahoo.com",
    "username": "jasmin.johnston",
    "password": "putonugoti"
  },
  {
    "firstName": "Madyson",
    "lastName": "Goodwin",
    "email": "madyson.goodwin45@yahoo.com",
    "username": "madyson12",
    "password": "wihacuvehu"
  },
  {
    "firstName": "Dora",
    "lastName": "Macejkovic",
    "email": "dora.macejkovic34@hotmail.com",
    "username": "dora_macejkovic22",
    "password": "beraciwoko"
  },
  {
    "firstName": "Alicia",
    "lastName": "Schmitt",
    "email": "alicia64@gmail.com",
    "username": "alicia.schmitt4",
    "password": "tugaxewusu"
  },
  {
    "firstName": "Cyrus",
    "lastName": "Hills",
    "email": "cyrus96@yahoo.com",
    "username": "cyrus.hills65",
    "password": "gujawibozu"
  },
  {
    "firstName": "Elsa",
    "lastName": "Walker",
    "email": "elsa49@hotmail.com",
    "username": "elsa.walker30",
    "password": "homokiwiqo"
  },
  {
    "firstName": "Houston",
    "lastName": "Cole",
    "email": "houston23@gmail.com",
    "username": "houston_cole71",
    "password": "sokeyayire"
  },
  {
    "firstName": "Gabe",
    "lastName": "Baumbach",
    "email": "gabe.baumbach@gmail.com",
    "username": "gabe_baumbach",
    "password": "cuhuraruke"
  },
  {
    "firstName": "Mackenzie",
    "lastName": "Collins",
    "email": "mackenzie.collins@gmail.com",
    "username": "mackenzie80",
    "password": "woxusicija"
  },
  {
    "firstName": "Yvonne",
    "lastName": "Ortiz",
    "email": "yvonne_ortiz69@hotmail.com",
    "username": "yvonne.ortiz98",
    "password": "zuxagaweku"
  },
  {
    "firstName": "Maximillian",
    "lastName": "Lind",
    "email": "maximillian18@hotmail.com",
    "username": "maximillian10",
    "password": "xohofuheze"
  },
  {
    "firstName": "Treva",
    "lastName": "Padberg",
    "email": "treva_padberg38@hotmail.com",
    "username": "treva_padberg",
    "password": "dolukofeka"
  },
  {
    "firstName": "Candace",
    "lastName": "Ruecker",
    "email": "candace7@hotmail.com",
    "username": "candace_ruecker",
    "password": "xipobowoto"
  },
  {
    "firstName": "Reece",
    "lastName": "Conroy",
    "email": "reece.conroy98@hotmail.com",
    "username": "reece_conroy30",
    "password": "votocofoxa"
  },
  {
    "firstName": "Mekhi",
    "lastName": "Simonis",
    "email": "mekhi94@gmail.com",
    "username": "mekhi.simonis6",
    "password": "zaqotaniku"
  },
  {
    "firstName": "Dahlia",
    "lastName": "Boyer",
    "email": "dahlia_boyer@gmail.com",
    "username": "dahlia40",
    "password": "quhuleheza"
  },
  {
    "firstName": "Ivy",
    "lastName": "Johnson",
    "email": "ivy_johnson@yahoo.com",
    "username": "ivy_johnson",
    "password": "yoluyuxifa"
  },
  {
    "firstName": "Bret",
    "lastName": "Leffler",
    "email": "bret_leffler63@yahoo.com",
    "username": "bret36",
    "password": "tixojoqaxe"
  },
  {
    "firstName": "Etha",
    "lastName": "Koepp",
    "email": "etha81@hotmail.com",
    "username": "etha.koepp",
    "password": "mahavivoga"
  },
  {
    "firstName": "David",
    "lastName": "Lesch",
    "email": "david_lesch64@yahoo.com",
    "username": "david92",
    "password": "rilanogulu"
  },
  {
    "firstName": "Alec",
    "lastName": "Cormier",
    "email": "alec_cormier92@yahoo.com",
    "username": "alec_cormier",
    "password": "ziviqukemi"
  },
  {
    "firstName": "Jadon",
    "lastName": "Lakin",
    "email": "jadon86@yahoo.com",
    "username": "jadon36",
    "password": "vohekoyane"
  },
  {
    "firstName": "Ignacio",
    "lastName": "Borer",
    "email": "ignacio.borer@hotmail.com",
    "username": "ignacio_borer",
    "password": "sobegirupe"
  },
  {
    "firstName": "Marc",
    "lastName": "Ebert",
    "email": "marc47@hotmail.com",
    "username": "marc.ebert13",
    "password": "cucamuveve"
  },
  {
    "firstName": "Leola",
    "lastName": "MacGyver",
    "email": "leola69@yahoo.com",
    "username": "leola94",
    "password": "lokulohoha"
  },
  {
    "firstName": "Zelda",
    "lastName": "O'Keefe",
    "email": "zelda_okeefe29@yahoo.com",
    "username": "zelda.okeefe",
    "password": "virokibife"
  },
  {
    "firstName": "Devante",
    "lastName": "Schowalter",
    "email": "devante61@gmail.com",
    "username": "devante_schowalter16",
    "password": "wodoqeqiha"
  },
  {
    "firstName": "Mariela",
    "lastName": "Wolf",
    "email": "mariela_wolf1@gmail.com",
    "username": "mariela_wolf77",
    "password": "wagogiquwe"
  },
  {
    "firstName": "Crystel",
    "lastName": "Farrell",
    "email": "crystel93@yahoo.com",
    "username": "crystel_farrell",
    "password": "wojowiyomu"
  },
  {
    "firstName": "Aracely",
    "lastName": "Hoeger",
    "email": "aracely_hoeger34@hotmail.com",
    "username": "aracely91",
    "password": "toqadexace"
  },
  {
    "firstName": "Dave",
    "lastName": "Kohler",
    "email": "dave34@hotmail.com",
    "username": "dave_kohler",
    "password": "zedeyovafu"
  },
  {
    "firstName": "Jermain",
    "lastName": "Durgan",
    "email": "jermain_durgan84@gmail.com",
    "username": "jermain_durgan",
    "password": "zavivoveso"
  },
  {
    "firstName": "Sylvia",
    "lastName": "Stracke",
    "email": "sylvia70@hotmail.com",
    "username": "sylvia.stracke7",
    "password": "redurabufo"
  },
  {
    "firstName": "Darion",
    "lastName": "Maggio",
    "email": "darion.maggio@hotmail.com",
    "username": "darion91",
    "password": "febicipixu"
  },
  {
    "firstName": "Marcelle",
    "lastName": "Hodkiewicz",
    "email": "marcelle_hodkiewicz21@hotmail.com",
    "username": "marcelle.hodkiewicz84",
    "password": "fuvowayiza"
  },
  {
    "firstName": "Marlin",
    "lastName": "Casper",
    "email": "marlin.casper@yahoo.com",
    "username": "marlin_casper",
    "password": "zajopulixo"
  },
  {
    "firstName": "Mariane",
    "lastName": "Reichert",
    "email": "mariane13@gmail.com",
    "username": "mariane_reichert",
    "password": "pazuwararo"
  },
  {
    "firstName": "Eryn",
    "lastName": "Torp",
    "email": "eryn_torp@gmail.com",
    "username": "eryn.torp26",
    "password": "zedivupeto"
  },
  {
    "firstName": "Myah",
    "lastName": "Mitchell",
    "email": "myah46@gmail.com",
    "username": "myah24",
    "password": "firoseyita"
  },
  {
    "firstName": "Annamae",
    "lastName": "Pacocha",
    "email": "annamae69@gmail.com",
    "username": "annamae.pacocha94",
    "password": "rixoletito"
  },
  {
    "firstName": "Adalberto",
    "lastName": "Fritsch",
    "email": "adalberto.fritsch90@hotmail.com",
    "username": "adalberto49",
    "password": "wayumujupu"
  },
  {
    "firstName": "Amiya",
    "lastName": "O'Connell",
    "email": "amiya_oconnell@yahoo.com",
    "username": "amiya_oconnell",
    "password": "fucoveqelo"
  },
  {
    "firstName": "Dan",
    "lastName": "Harber",
    "email": "dan_harber25@gmail.com",
    "username": "dan.harber",
    "password": "jopuqaxuna"
  },
  {
    "firstName": "Mathias",
    "lastName": "Lang",
    "email": "mathias_lang@hotmail.com",
    "username": "mathias.lang",
    "password": "haganuloni"
  },
  {
    "firstName": "Clair",
    "lastName": "Fritsch",
    "email": "clair_fritsch37@hotmail.com",
    "username": "clair.fritsch",
    "password": "wuzosepose"
  },
  {
    "firstName": "Anais",
    "lastName": "Feil",
    "email": "anais26@yahoo.com",
    "username": "anais_feil28",
    "password": "bacubamima"
  },
  {
    "firstName": "Theresia",
    "lastName": "Jerde",
    "email": "theresia.jerde@gmail.com",
    "username": "theresia.jerde",
    "password": "jomaseciba"
  },
  {
    "firstName": "Mckayla",
    "lastName": "Johnson",
    "email": "mckayla.johnson@gmail.com",
    "username": "mckayla_johnson14",
    "password": "cumamilecu"
  },
  {
    "firstName": "Geovanni",
    "lastName": "Kohler",
    "email": "geovanni.kohler43@yahoo.com",
    "username": "geovanni10",
    "password": "vibonetexa"
  },
  {
    "firstName": "Dannie",
    "lastName": "Howell",
    "email": "dannie_howell@yahoo.com",
    "username": "dannie.howell",
    "password": "fezejilugo"
  },
  {
    "firstName": "Annamarie",
    "lastName": "Ebert",
    "email": "annamarie52@gmail.com",
    "username": "annamarie.ebert55",
    "password": "barocowequ"
  },
  {
    "firstName": "Hank",
    "lastName": "Hand",
    "email": "hank27@yahoo.com",
    "username": "hank_hand64",
    "password": "lohuratano"
  },
  {
    "firstName": "Gerda",
    "lastName": "Abbott",
    "email": "gerda98@hotmail.com",
    "username": "gerda_abbott",
    "password": "makijeroze"
  },
  {
    "firstName": "Bette",
    "lastName": "Hauck",
    "email": "bette_hauck56@gmail.com",
    "username": "bette.hauck",
    "password": "kumelapegi"
  },
  {
    "firstName": "Geovany",
    "lastName": "Emmerich",
    "email": "geovany6@hotmail.com",
    "username": "geovany_emmerich88",
    "password": "himedokixo"
  },
  {
    "firstName": "Meaghan",
    "lastName": "Ullrich",
    "email": "meaghan15@yahoo.com",
    "username": "meaghan22",
    "password": "woqabuduwo"
  },
  {
    "firstName": "Dewayne",
    "lastName": "Walker",
    "email": "dewayne.walker66@hotmail.com",
    "username": "dewayne.walker5",
    "password": "vuguxopuzu"
  },
  {
    "firstName": "Hayden",
    "lastName": "Moen",
    "email": "hayden16@gmail.com",
    "username": "hayden.moen61",
    "password": "hadacigebo"
  },
  {
    "firstName": "Lue",
    "lastName": "Graham",
    "email": "lue78@yahoo.com",
    "username": "lue_graham",
    "password": "godalatoye"
  },
  {
    "firstName": "Hilario",
    "lastName": "Ankunding",
    "email": "hilario.ankunding@yahoo.com",
    "username": "hilario_ankunding98",
    "password": "zusikuporo"
  },
  {
    "firstName": "Gussie",
    "lastName": "Jones",
    "email": "gussie_jones40@yahoo.com",
    "username": "gussie_jones",
    "password": "kupumohala"
  },
  {
    "firstName": "Mateo",
    "lastName": "Dare",
    "email": "mateo.dare71@hotmail.com",
    "username": "mateo.dare",
    "password": "wamocijunu"
  },
  {
    "firstName": "Blaze",
    "lastName": "Lang",
    "email": "blaze.lang63@hotmail.com",
    "username": "blaze_lang",
    "password": "dayahazizi"
  },
  {
    "firstName": "Rex",
    "lastName": "Becker",
    "email": "rex_becker10@gmail.com",
    "username": "rex.becker31",
    "password": "rihulukote"
  },
  {
    "firstName": "Aaron",
    "lastName": "Towne",
    "email": "aaron70@gmail.com",
    "username": "aaron86",
    "password": "balutoquze"
  },
  {
    "firstName": "Ed",
    "lastName": "Gleichner",
    "email": "ed30@yahoo.com",
    "username": "ed63",
    "password": "husaneliji"
  },
  {
    "firstName": "Newell",
    "lastName": "Pollich",
    "email": "newell.pollich@gmail.com",
    "username": "newell_pollich92",
    "password": "fiyojasude"
  },
  {
    "firstName": "Amara",
    "lastName": "Braun",
    "email": "amara87@yahoo.com",
    "username": "amara.braun96",
    "password": "yokopivowo"
  },
  {
    "firstName": "Louie",
    "lastName": "Stroman",
    "email": "louie.stroman@gmail.com",
    "username": "louie35",
    "password": "tutahologa"
  },
  {
    "firstName": "Eva",
    "lastName": "Turner",
    "email": "eva_turner44@gmail.com",
    "username": "eva.turner79",
    "password": "jeyirujiri"
  },
  {
    "firstName": "Sally",
    "lastName": "Crist",
    "email": "sally.crist27@hotmail.com",
    "username": "sally.crist48",
    "password": "fotohezume"
  },
  {
    "firstName": "Hailie",
    "lastName": "Monahan",
    "email": "hailie_monahan16@yahoo.com",
    "username": "hailie_monahan",
    "password": "peyejozaya"
  },
  {
    "firstName": "Esther",
    "lastName": "Jones",
    "email": "esther_jones@gmail.com",
    "username": "esther_jones62",
    "password": "guqinukoro"
  },
  {
    "firstName": "Gracie",
    "lastName": "Grimes",
    "email": "gracie_grimes@hotmail.com",
    "username": "gracie_grimes",
    "password": "jibaguceli"
  },
  {
    "firstName": "Richmond",
    "lastName": "Terry",
    "email": "richmond.terry@yahoo.com",
    "username": "richmond_terry11",
    "password": "ropevazelo"
  },
  {
    "firstName": "Jamar",
    "lastName": "Lehner",
    "email": "jamar_lehner95@gmail.com",
    "username": "jamar_lehner2",
    "password": "hudiliwuta"
  },
  {
    "firstName": "Ernestine",
    "lastName": "Zulauf",
    "email": "ernestine.zulauf@hotmail.com",
    "username": "ernestine.zulauf",
    "password": "vexolusewu"
  },
  {
    "firstName": "Hoyt",
    "lastName": "Rau",
    "email": "hoyt.rau@gmail.com",
    "username": "hoyt.rau90",
    "password": "qekacodobe"
  },
  {
    "firstName": "Mattie",
    "lastName": "Sauer",
    "email": "mattie86@hotmail.com",
    "username": "mattie_sauer",
    "password": "nosotiyupi"
  },
  {
    "firstName": "Tre",
    "lastName": "Rutherford",
    "email": "tre17@yahoo.com",
    "username": "tre.rutherford18",
    "password": "gogugakoli"
  },
  {
    "firstName": "Rocio",
    "lastName": "Jones",
    "email": "rocio.jones82@hotmail.com",
    "username": "rocio.jones37",
    "password": "palumabiyo"
  },
  {
    "firstName": "Vivian",
    "lastName": "Kerluke",
    "email": "vivian.kerluke@hotmail.com",
    "username": "vivian.kerluke",
    "password": "goderipato"
  },
  {
    "firstName": "Roosevelt",
    "lastName": "Schneider",
    "email": "roosevelt25@hotmail.com",
    "username": "roosevelt.schneider",
    "password": "titarejivi"
  },
  {
    "firstName": "Rafaela",
    "lastName": "Dickens",
    "email": "rafaela37@gmail.com",
    "username": "rafaela.dickens",
    "password": "memuwayami"
  },
  {
    "firstName": "Katelyn",
    "lastName": "Skiles",
    "email": "katelyn.skiles@yahoo.com",
    "username": "katelyn_skiles11",
    "password": "mugoruhako"
  },
  {
    "firstName": "Lenny",
    "lastName": "Stanton",
    "email": "lenny.stanton99@gmail.com",
    "username": "lenny_stanton",
    "password": "lopidunave"
  },
  {
    "firstName": "Tyra",
    "lastName": "Windler",
    "email": "tyra17@yahoo.com",
    "username": "tyra_windler38",
    "password": "lowoceyahi"
  },
  {
    "firstName": "Rashawn",
    "lastName": "Sauer",
    "email": "rashawn90@gmail.com",
    "username": "rashawn81",
    "password": "fuvaxemapu"
  },
  {
    "firstName": "Stephon",
    "lastName": "Tremblay",
    "email": "stephon.tremblay51@yahoo.com",
    "username": "stephon.tremblay79",
    "password": "lalobatali"
  },
  {
    "firstName": "Leon",
    "lastName": "Strosin",
    "email": "leon.strosin74@gmail.com",
    "username": "leon.strosin",
    "password": "qudokesoyu"
  },
  {
    "firstName": "Aleen",
    "lastName": "O'Keefe",
    "email": "aleen_okeefe96@gmail.com",
    "username": "aleen_okeefe99",
    "password": "kocegoquye"
  },
  {
    "firstName": "Lukas",
    "lastName": "Swift",
    "email": "lukas.swift@yahoo.com",
    "username": "lukas.swift",
    "password": "zehetekolo"
  },
  {
    "firstName": "Mack",
    "lastName": "Wiza",
    "email": "mack_wiza@gmail.com",
    "username": "mack10",
    "password": "simiteqazo"
  },
  {
    "firstName": "Dovie",
    "lastName": "Donnelly",
    "email": "dovie49@gmail.com",
    "username": "dovie.donnelly88",
    "password": "vunamipudu"
  },
  {
    "firstName": "Darwin",
    "lastName": "Bode",
    "email": "darwin.bode@yahoo.com",
    "username": "darwin90",
    "password": "dulasadanu"
  },
  {
    "firstName": "Ephraim",
    "lastName": "Gleason",
    "email": "ephraim79@hotmail.com",
    "username": "ephraim_gleason16",
    "password": "ciqamalavu"
  },
  {
    "firstName": "Silas",
    "lastName": "MacGyver",
    "email": "silas19@gmail.com",
    "username": "silas.macgyver",
    "password": "jobezaqeha"
  },
  {
    "firstName": "Tamia",
    "lastName": "Corwin",
    "email": "tamia_corwin@gmail.com",
    "username": "tamia_corwin",
    "password": "hixeqozito"
  },
  {
    "firstName": "Jessica",
    "lastName": "Torphy",
    "email": "jessica80@yahoo.com",
    "username": "jessica.torphy",
    "password": "wutemubumo"
  },
  {
    "firstName": "Manley",
    "lastName": "Romaguera",
    "email": "manley20@gmail.com",
    "username": "manley.romaguera83",
    "password": "xahojosali"
  },
  {
    "firstName": "Deangelo",
    "lastName": "Bechtelar",
    "email": "deangelo_bechtelar@hotmail.com",
    "username": "deangelo44",
    "password": "gaxuruxali"
  },
  {
    "firstName": "Dahlia",
    "lastName": "Connelly",
    "email": "dahlia_connelly@gmail.com",
    "username": "dahlia.connelly",
    "password": "devatojeta"
  },
  {
    "firstName": "Hilton",
    "lastName": "Huel",
    "email": "hilton_huel@gmail.com",
    "username": "hilton.huel",
    "password": "retekoyuwi"
  },
  {
    "firstName": "Jacklyn",
    "lastName": "Spinka",
    "email": "jacklyn.spinka32@yahoo.com",
    "username": "jacklyn_spinka65",
    "password": "xiquqiwofi"
  },
  {
    "firstName": "Chandler",
    "lastName": "Lang",
    "email": "chandler_lang@gmail.com",
    "username": "chandler.lang88",
    "password": "xogunicoqa"
  },
  {
    "firstName": "Addison",
    "lastName": "Gorczany",
    "email": "addison.gorczany78@hotmail.com",
    "username": "addison.gorczany36",
    "password": "jopobuxiyo"
  },
  {
    "firstName": "Rudolph",
    "lastName": "Schoen",
    "email": "rudolph_schoen@hotmail.com",
    "username": "rudolph86",
    "password": "xomufiraxi"
  },
  {
    "firstName": "Marian",
    "lastName": "Luettgen",
    "email": "marian97@yahoo.com",
    "username": "marian.luettgen",
    "password": "xisijivabo"
  },
  {
    "firstName": "Blaze",
    "lastName": "Von",
    "email": "blaze_von43@yahoo.com",
    "username": "blaze56",
    "password": "cuhupufuru"
  },
  {
    "firstName": "Sandra",
    "lastName": "Strosin",
    "email": "sandra41@gmail.com",
    "username": "sandra19",
    "password": "xeroyolixu"
  },
  {
    "firstName": "Julien",
    "lastName": "Koch",
    "email": "julien.koch@gmail.com",
    "username": "julien.koch30",
    "password": "ligiyutoni"
  },
  {
    "firstName": "Fatima",
    "lastName": "Frami",
    "email": "fatima.frami@yahoo.com",
    "username": "fatima_frami",
    "password": "voritunaha"
  },
  {
    "firstName": "Savanah",
    "lastName": "Ryan",
    "email": "savanah_ryan@gmail.com",
    "username": "savanah_ryan",
    "password": "sirikehefi"
  },
  {
    "firstName": "Valerie",
    "lastName": "Lockman",
    "email": "valerie_lockman80@gmail.com",
    "username": "valerie34",
    "password": "miqomewaqa"
  },
  {
    "firstName": "Casimir",
    "lastName": "Ryan",
    "email": "casimir.ryan41@hotmail.com",
    "username": "casimir_ryan8",
    "password": "fapuvixuka"
  },
  {
    "firstName": "Antonina",
    "lastName": "Larkin",
    "email": "antonina61@gmail.com",
    "username": "antonina.larkin",
    "password": "mibiroveje"
  },
  {
    "firstName": "Walter",
    "lastName": "Conn",
    "email": "walter_conn33@gmail.com",
    "username": "walter88",
    "password": "kudefiniki"
  },
  {
    "firstName": "Ayden",
    "lastName": "Predovic",
    "email": "ayden.predovic@hotmail.com",
    "username": "ayden36",
    "password": "qicoxufena"
  },
  {
    "firstName": "Mariela",
    "lastName": "Collier",
    "email": "mariela29@hotmail.com",
    "username": "mariela_collier",
    "password": "vodukifisa"
  },
  {
    "firstName": "Herminio",
    "lastName": "Gutkowski",
    "email": "herminio89@hotmail.com",
    "username": "herminio38",
    "password": "zezuyogezu"
  },
  {
    "firstName": "Roberta",
    "lastName": "Bogisich",
    "email": "roberta33@yahoo.com",
    "username": "roberta.bogisich0",
    "password": "vijevusuhu"
  },
  {
    "firstName": "Nicklaus",
    "lastName": "Krajcik",
    "email": "nicklaus_krajcik6@yahoo.com",
    "username": "nicklaus40",
    "password": "niwozuvora"
  },
  {
    "firstName": "Karlee",
    "lastName": "Kautzer",
    "email": "karlee14@gmail.com",
    "username": "karlee.kautzer42",
    "password": "virahiruka"
  },
  {
    "firstName": "Dayne",
    "lastName": "Upton",
    "email": "dayne.upton@hotmail.com",
    "username": "dayne32",
    "password": "quxoradivi"
  },
  {
    "firstName": "Christelle",
    "lastName": "Lindgren",
    "email": "christelle.lindgren@yahoo.com",
    "username": "christelle_lindgren40",
    "password": "hodaceseyu"
  },
  {
    "firstName": "Ethyl",
    "lastName": "Klein",
    "email": "ethyl.klein15@yahoo.com",
    "username": "ethyl_klein",
    "password": "mupujadaha"
  },
  {
    "firstName": "Bria",
    "lastName": "Simonis",
    "email": "bria_simonis@gmail.com",
    "username": "bria96",
    "password": "hidaxubewu"
  },
  {
    "firstName": "Diego",
    "lastName": "Mayer",
    "email": "diego.mayer45@gmail.com",
    "username": "diego.mayer5",
    "password": "tikusivuma"
  },
  {
    "firstName": "Carmine",
    "lastName": "White",
    "email": "carmine.white20@gmail.com",
    "username": "carmine95",
    "password": "jaqagukipu"
  },
  {
    "firstName": "Adam",
    "lastName": "Keebler",
    "email": "adam.keebler@hotmail.com",
    "username": "adam.keebler",
    "password": "hakebifeha"
  },
  {
    "firstName": "Martin",
    "lastName": "Ledner",
    "email": "martin_ledner26@hotmail.com",
    "username": "martin.ledner",
    "password": "qanekitexa"
  },
  {
    "firstName": "Norberto",
    "lastName": "Bernhard",
    "email": "norberto.bernhard@gmail.com",
    "username": "norberto.bernhard",
    "password": "cirorevobe"
  },
  {
    "firstName": "Marlene",
    "lastName": "Adams",
    "email": "marlene.adams@yahoo.com",
    "username": "marlene53",
    "password": "mexularoyu"
  },
  {
    "firstName": "Mitchell",
    "lastName": "Jacobi",
    "email": "mitchell.jacobi@gmail.com",
    "username": "mitchell42",
    "password": "norojacixo"
  },
  {
    "firstName": "Elaina",
    "lastName": "Murphy",
    "email": "elaina_murphy64@gmail.com",
    "username": "elaina.murphy",
    "password": "rokokogeno"
  },
  {
    "firstName": "Leland",
    "lastName": "Donnelly",
    "email": "leland_donnelly@yahoo.com",
    "username": "leland80",
    "password": "tamuxiwego"
  },
  {
    "firstName": "Corrine",
    "lastName": "Moen",
    "email": "corrine23@gmail.com",
    "username": "corrine_moen",
    "password": "hubuvonawe"
  },
  {
    "firstName": "Lesly",
    "lastName": "Heaney",
    "email": "lesly_heaney@yahoo.com",
    "username": "lesly_heaney60",
    "password": "badiwoxawa"
  },
  {
    "firstName": "Marcel",
    "lastName": "Kerluke",
    "email": "marcel77@yahoo.com",
    "username": "marcel_kerluke",
    "password": "senaqafibo"
  },
  {
    "firstName": "Pedro",
    "lastName": "Johns",
    "email": "pedro.johns@hotmail.com",
    "username": "pedro_johns38",
    "password": "bavoluyegi"
  },
  {
    "firstName": "Ulices",
    "lastName": "Quigley",
    "email": "ulices.quigley@gmail.com",
    "username": "ulices34",
    "password": "gewuyirate"
  },
  {
    "firstName": "Pansy",
    "lastName": "O'Keefe",
    "email": "pansy45@gmail.com",
    "username": "pansy27",
    "password": "hupevacuqu"
  },
  {
    "firstName": "Chauncey",
    "lastName": "Schultz",
    "email": "chauncey25@hotmail.com",
    "username": "chauncey10",
    "password": "donowihejo"
  },
  {
    "firstName": "Shanon",
    "lastName": "Stokes",
    "email": "shanon66@hotmail.com",
    "username": "shanon_stokes",
    "password": "saxipucusi"
  },
  {
    "firstName": "Libby",
    "lastName": "Gleason",
    "email": "libby_gleason@hotmail.com",
    "username": "libby_gleason",
    "password": "mevarorudo"
  },
  {
    "firstName": "Nelda",
    "lastName": "Witting",
    "email": "nelda34@hotmail.com",
    "username": "nelda.witting29",
    "password": "jeletezono"
  },
  {
    "firstName": "Abagail",
    "lastName": "Lebsack",
    "email": "abagail_lebsack@gmail.com",
    "username": "abagail_lebsack",
    "password": "binekujumu"
  },
  {
    "firstName": "Dusty",
    "lastName": "Stoltenberg",
    "email": "dusty_stoltenberg13@yahoo.com",
    "username": "dusty.stoltenberg50",
    "password": "quwuvulojo"
  },
  {
    "firstName": "Elmer",
    "lastName": "Lemke",
    "email": "elmer_lemke49@yahoo.com",
    "username": "elmer.lemke",
    "password": "gevududuhu"
  },
  {
    "firstName": "Martina",
    "lastName": "Hills",
    "email": "martina.hills@gmail.com",
    "username": "martina.hills",
    "password": "musugocawu"
  },
  {
    "firstName": "Walker",
    "lastName": "Jones",
    "email": "walker_jones40@hotmail.com",
    "username": "walker_jones",
    "password": "ravoteyunu"
  },
  {
    "firstName": "Shanna",
    "lastName": "Flatley",
    "email": "shanna76@gmail.com",
    "username": "shanna_flatley",
    "password": "yebumuwuka"
  },
  {
    "firstName": "Torrey",
    "lastName": "Hessel",
    "email": "torrey37@hotmail.com",
    "username": "torrey71",
    "password": "loxaqurile"
  },
  {
    "firstName": "Garett",
    "lastName": "Nolan",
    "email": "garett_nolan32@gmail.com",
    "username": "garett.nolan94",
    "password": "qucavapupe"
  },
  {
    "firstName": "Reginald",
    "lastName": "Bernhard",
    "email": "reginald9@yahoo.com",
    "username": "reginald.bernhard",
    "password": "fixecokocu"
  },
  {
    "firstName": "Eldred",
    "lastName": "Watsica",
    "email": "eldred.watsica@hotmail.com",
    "username": "eldred.watsica57",
    "password": "coqibonofi"
  },
  {
    "firstName": "Hope",
    "lastName": "Shields",
    "email": "hope25@hotmail.com",
    "username": "hope.shields",
    "password": "qavazezobo"
  },
  {
    "firstName": "Rey",
    "lastName": "Cummings",
    "email": "rey77@yahoo.com",
    "username": "rey_cummings62",
    "password": "novahirupo"
  },
  {
    "firstName": "Kristopher",
    "lastName": "Gaylord",
    "email": "kristopher_gaylord79@gmail.com",
    "username": "kristopher46",
    "password": "mipuhaquto"
  },
  {
    "firstName": "Brooke",
    "lastName": "Hane",
    "email": "brooke_hane@gmail.com",
    "username": "brooke_hane34",
    "password": "cacebugoze"
  },
  {
    "firstName": "Hazel",
    "lastName": "Lesch",
    "email": "hazel.lesch@hotmail.com",
    "username": "hazel98",
    "password": "zokudegoqa"
  },
  {
    "firstName": "Robin",
    "lastName": "Torp",
    "email": "robin88@yahoo.com",
    "username": "robin.torp23",
    "password": "lilutekuce"
  },
  {
    "firstName": "Madyson",
    "lastName": "Lehner",
    "email": "madyson_lehner@yahoo.com",
    "username": "madyson.lehner",
    "password": "vavajirore"
  },
  {
    "firstName": "Yolanda",
    "lastName": "Bernier",
    "email": "yolanda4@hotmail.com",
    "username": "yolanda29",
    "password": "nafigurofe"
  },
  {
    "firstName": "Carole",
    "lastName": "Gerlach",
    "email": "carole.gerlach50@hotmail.com",
    "username": "carole_gerlach",
    "password": "hawudupiri"
  },
  {
    "firstName": "Kailyn",
    "lastName": "Kunde",
    "email": "kailyn.kunde@hotmail.com",
    "username": "kailyn_kunde67",
    "password": "kixamatesi"
  },
  {
    "firstName": "Adelle",
    "lastName": "Williamson",
    "email": "adelle.williamson79@hotmail.com",
    "username": "adelle71",
    "password": "yuqojebeno"
  },
  {
    "firstName": "Tanner",
    "lastName": "Huels",
    "email": "tanner_huels@hotmail.com",
    "username": "tanner.huels4",
    "password": "gimutekuna"
  },
  {
    "firstName": "Kaylie",
    "lastName": "Lehner",
    "email": "kaylie29@yahoo.com",
    "username": "kaylie.lehner",
    "password": "wetularipu"
  },
  {
    "firstName": "Minnie",
    "lastName": "Brekke",
    "email": "minnie.brekke31@hotmail.com",
    "username": "minnie.brekke8",
    "password": "navakukoso"
  },
  {
    "firstName": "Emmet",
    "lastName": "Hand",
    "email": "emmet54@gmail.com",
    "username": "emmet_hand7",
    "password": "coxegafoye"
  },
  {
    "firstName": "Joan",
    "lastName": "Ruecker",
    "email": "joan.ruecker@yahoo.com",
    "username": "joan_ruecker61",
    "password": "mupeduluzo"
  },
  {
    "firstName": "Lacy",
    "lastName": "Reichert",
    "email": "lacy12@gmail.com",
    "username": "lacy82",
    "password": "ratemamifo"
  },
  {
    "firstName": "Davonte",
    "lastName": "Koss",
    "email": "davonte.koss@gmail.com",
    "username": "davonte_koss15",
    "password": "qejisutuko"
  },
  {
    "firstName": "Lorna",
    "lastName": "Morar",
    "email": "lorna_morar@yahoo.com",
    "username": "lorna_morar69",
    "password": "vudifikuye"
  },
  {
    "firstName": "Adrian",
    "lastName": "Jacobi",
    "email": "adrian_jacobi54@hotmail.com",
    "username": "adrian_jacobi",
    "password": "juhepodave"
  },
  {
    "firstName": "Caesar",
    "lastName": "Skiles",
    "email": "caesar4@hotmail.com",
    "username": "caesar84",
    "password": "jecexebiza"
  },
  {
    "firstName": "Edyth",
    "lastName": "Deckow",
    "email": "edyth_deckow71@gmail.com",
    "username": "edyth48",
    "password": "rugiwofima"
  },
  {
    "firstName": "Melvina",
    "lastName": "Kohler",
    "email": "melvina.kohler@yahoo.com",
    "username": "melvina.kohler48",
    "password": "pijazaduno"
  },
  {
    "firstName": "Carlos",
    "lastName": "Fahey",
    "email": "carlos_fahey@yahoo.com",
    "username": "carlos.fahey",
    "password": "jomefujuvu"
  },
  {
    "firstName": "Gregory",
    "lastName": "Klein",
    "email": "gregory.klein63@yahoo.com",
    "username": "gregory51",
    "password": "yuyeborali"
  },
  {
    "firstName": "Robert",
    "lastName": "O'Keefe",
    "email": "robert.okeefe@hotmail.com",
    "username": "robert_okeefe",
    "password": "yisuqanabe"
  },
  {
    "firstName": "Mozell",
    "lastName": "Mraz",
    "email": "mozell_mraz48@gmail.com",
    "username": "mozell43",
    "password": "dufotetiyu"
  },
  {
    "firstName": "Layla",
    "lastName": "Marvin",
    "email": "layla.marvin@hotmail.com",
    "username": "layla_marvin",
    "password": "qawiwuvofi"
  },
  {
    "firstName": "Rae",
    "lastName": "Moore",
    "email": "rae_moore79@hotmail.com",
    "username": "rae85",
    "password": "juruqameyo"
  },
  {
    "firstName": "Nolan",
    "lastName": "Robel",
    "email": "nolan83@hotmail.com",
    "username": "nolan_robel",
    "password": "gawexopuxa"
  },
  {
    "firstName": "Marta",
    "lastName": "Borer",
    "email": "marta_borer@yahoo.com",
    "username": "marta.borer",
    "password": "desesugolo"
  },
  {
    "firstName": "Cheyenne",
    "lastName": "Haag",
    "email": "cheyenne_haag56@gmail.com",
    "username": "cheyenne5",
    "password": "noquhifoqa"
  },
  {
    "firstName": "Kirsten",
    "lastName": "Turcotte",
    "email": "kirsten57@yahoo.com",
    "username": "kirsten54",
    "password": "gayegocico"
  },
  {
    "firstName": "Arjun",
    "lastName": "Haag",
    "email": "arjun27@hotmail.com",
    "username": "arjun6",
    "password": "dumuvoyaye"
  },
  {
    "firstName": "Layne",
    "lastName": "Predovic",
    "email": "layne_predovic@hotmail.com",
    "username": "layne_predovic83",
    "password": "yininezivo"
  },
  {
    "firstName": "Peggie",
    "lastName": "Buckridge",
    "email": "peggie.buckridge@hotmail.com",
    "username": "peggie_buckridge73",
    "password": "goguneboki"
  },
  {
    "firstName": "Kristofer",
    "lastName": "Mayer",
    "email": "kristofer.mayer@hotmail.com",
    "username": "kristofer.mayer77",
    "password": "naqadamami"
  },
  {
    "firstName": "Asha",
    "lastName": "Bailey",
    "email": "asha76@hotmail.com",
    "username": "asha.bailey2",
    "password": "lijigobutu"
  },
  {
    "firstName": "Kody",
    "lastName": "Gorczany",
    "email": "kody_gorczany@hotmail.com",
    "username": "kody.gorczany",
    "password": "boxehujuka"
  },
  {
    "firstName": "Micheal",
    "lastName": "Daugherty",
    "email": "micheal.daugherty67@yahoo.com",
    "username": "micheal_daugherty28",
    "password": "nuxatanami"
  },
  {
    "firstName": "Beryl",
    "lastName": "Jakubowski",
    "email": "beryl_jakubowski@hotmail.com",
    "username": "beryl_jakubowski65",
    "password": "xudibicahi"
  },
  {
    "firstName": "Verona",
    "lastName": "DuBuque",
    "email": "verona81@hotmail.com",
    "username": "verona.dubuque78",
    "password": "fapiwadoyi"
  },
  {
    "firstName": "Julian",
    "lastName": "Lang",
    "email": "julian.lang96@gmail.com",
    "username": "julian32",
    "password": "royamamuse"
  },
  {
    "firstName": "Berta",
    "lastName": "Swaniawski",
    "email": "berta_swaniawski98@gmail.com",
    "username": "berta41",
    "password": "cibifemuve"
  },
  {
    "firstName": "Brain",
    "lastName": "Bashirian",
    "email": "brain40@hotmail.com",
    "username": "brain_bashirian97",
    "password": "biqawobizo"
  },
  {
    "firstName": "Monty",
    "lastName": "Lynch",
    "email": "monty99@hotmail.com",
    "username": "monty15",
    "password": "wotozateca"
  },
  {
    "firstName": "Titus",
    "lastName": "Ratke",
    "email": "titus_ratke33@yahoo.com",
    "username": "titus68",
    "password": "voyamaboco"
  },
  {
    "firstName": "Gage",
    "lastName": "Cruickshank",
    "email": "gage46@gmail.com",
    "username": "gage85",
    "password": "cuhelemehu"
  },
  {
    "firstName": "Tobin",
    "lastName": "Robel",
    "email": "tobin.robel36@yahoo.com",
    "username": "tobin.robel40",
    "password": "foteyagati"
  },
  {
    "firstName": "Ruben",
    "lastName": "Mertz",
    "email": "ruben83@hotmail.com",
    "username": "ruben.mertz48",
    "password": "zexacivomo"
  },
  {
    "firstName": "Francesco",
    "lastName": "Mohr",
    "email": "francesco63@yahoo.com",
    "username": "francesco_mohr71",
    "password": "sihinaqecu"
  },
  {
    "firstName": "Jean",
    "lastName": "Koch",
    "email": "jean_koch@hotmail.com",
    "username": "jean33",
    "password": "memopeyose"
  },
  {
    "firstName": "Georgiana",
    "lastName": "Gorczany",
    "email": "georgiana_gorczany42@gmail.com",
    "username": "georgiana_gorczany",
    "password": "lupoyileqo"
  },
  {
    "firstName": "Victor",
    "lastName": "Ullrich",
    "email": "victor.ullrich@gmail.com",
    "username": "victor.ullrich",
    "password": "sunehohofo"
  },
  {
    "firstName": "Emerald",
    "lastName": "Altenwerth",
    "email": "emerald.altenwerth@gmail.com",
    "username": "emerald_altenwerth",
    "password": "xirivoleka"
  },
  {
    "firstName": "Amiya",
    "lastName": "Schumm",
    "email": "amiya_schumm@hotmail.com",
    "username": "amiya.schumm",
    "password": "wulilufobe"
  },
  {
    "firstName": "Meagan",
    "lastName": "Hagenes",
    "email": "meagan_hagenes17@yahoo.com",
    "username": "meagan50",
    "password": "madipuraga"
  },
  {
    "firstName": "Vivianne",
    "lastName": "Corwin",
    "email": "vivianne_corwin@gmail.com",
    "username": "vivianne32",
    "password": "gihabewobu"
  },
  {
    "firstName": "Caleigh",
    "lastName": "Pagac",
    "email": "caleigh_pagac@yahoo.com",
    "username": "caleigh47",
    "password": "nibunosule"
  },
  {
    "firstName": "Kaitlin",
    "lastName": "Altenwerth",
    "email": "kaitlin.altenwerth@hotmail.com",
    "username": "kaitlin_altenwerth",
    "password": "hefunagafe"
  },
  {
    "firstName": "Kolby",
    "lastName": "Eichmann",
    "email": "kolby39@gmail.com",
    "username": "kolby.eichmann45",
    "password": "yadicaxobo"
  },
  {
    "firstName": "Osvaldo",
    "lastName": "Crona",
    "email": "osvaldo_crona@yahoo.com",
    "username": "osvaldo78",
    "password": "tiwevimigu"
  },
  {
    "firstName": "Myrtice",
    "lastName": "Bins",
    "email": "myrtice39@gmail.com",
    "username": "myrtice33",
    "password": "miwahazevo"
  },
  {
    "firstName": "Addison",
    "lastName": "Boyer",
    "email": "addison.boyer@yahoo.com",
    "username": "addison_boyer55",
    "password": "yokesiwelo"
  },
  {
    "firstName": "Rosamond",
    "lastName": "Douglas",
    "email": "rosamond.douglas@yahoo.com",
    "username": "rosamond72",
    "password": "kuyezarogu"
  },
  {
    "firstName": "Abner",
    "lastName": "Aufderhar",
    "email": "abner.aufderhar@hotmail.com",
    "username": "abner37",
    "password": "fizumopopu"
  },
  {
    "firstName": "Carlee",
    "lastName": "Funk",
    "email": "carlee.funk@hotmail.com",
    "username": "carlee_funk",
    "password": "fabozirefa"
  },
  {
    "firstName": "Jakayla",
    "lastName": "Powlowski",
    "email": "jakayla87@yahoo.com",
    "username": "jakayla_powlowski",
    "password": "bimifawisi"
  },
  {
    "firstName": "Layla",
    "lastName": "Waelchi",
    "email": "layla.waelchi@gmail.com",
    "username": "layla96",
    "password": "povacoreho"
  },
  {
    "firstName": "Friedrich",
    "lastName": "Brekke",
    "email": "friedrich_brekke77@gmail.com",
    "username": "friedrich_brekke61",
    "password": "yuhusureza"
  },
  {
    "firstName": "Augustus",
    "lastName": "Romaguera",
    "email": "augustus73@yahoo.com",
    "username": "augustus_romaguera72",
    "password": "hawalazuna"
  },
  {
    "firstName": "Elmo",
    "lastName": "Conn",
    "email": "elmo19@hotmail.com",
    "username": "elmo.conn",
    "password": "zujumazole"
  },
  {
    "firstName": "Davon",
    "lastName": "Barrows",
    "email": "davon.barrows@hotmail.com",
    "username": "davon.barrows0",
    "password": "cagobifini"
  },
  {
    "firstName": "Tess",
    "lastName": "Beer",
    "email": "tess_beer@yahoo.com",
    "username": "tess_beer78",
    "password": "nibohifuho"
  },
  {
    "firstName": "Letha",
    "lastName": "Klocko",
    "email": "letha_klocko17@hotmail.com",
    "username": "letha_klocko89",
    "password": "celazelizi"
  },
  {
    "firstName": "Lesly",
    "lastName": "Emard",
    "email": "lesly90@yahoo.com",
    "username": "lesly.emard36",
    "password": "rixisicegu"
  },
  {
    "firstName": "Hank",
    "lastName": "Luettgen",
    "email": "hank_luettgen@yahoo.com",
    "username": "hank.luettgen44",
    "password": "noxerecomo"
  },
  {
    "firstName": "Antonetta",
    "lastName": "Nolan",
    "email": "antonetta_nolan@yahoo.com",
    "username": "antonetta.nolan",
    "password": "zetaganuze"
  },
  {
    "firstName": "Vesta",
    "lastName": "Auer",
    "email": "vesta.auer@gmail.com",
    "username": "vesta44",
    "password": "vixazexaja"
  },
  {
    "firstName": "Eudora",
    "lastName": "Feil",
    "email": "eudora_feil7@hotmail.com",
    "username": "eudora_feil",
    "password": "siwibinegi"
  },
  {
    "firstName": "Freeman",
    "lastName": "Terry",
    "email": "freeman57@yahoo.com",
    "username": "freeman_terry",
    "password": "rerotusezi"
  },
  {
    "firstName": "Emory",
    "lastName": "Gislason",
    "email": "emory.gislason@yahoo.com",
    "username": "emory.gislason26",
    "password": "hobotugepo"
  },
  {
    "firstName": "Evan",
    "lastName": "Ortiz",
    "email": "evan_ortiz@gmail.com",
    "username": "evan_ortiz",
    "password": "kukuyohape"
  },
  {
    "firstName": "Sigurd",
    "lastName": "Lang",
    "email": "sigurd.lang@hotmail.com",
    "username": "sigurd.lang",
    "password": "baququnaco"
  },
  {
    "firstName": "Adrian",
    "lastName": "Ankunding",
    "email": "adrian_ankunding@gmail.com",
    "username": "adrian_ankunding",
    "password": "moxavocaje"
  },
  {
    "firstName": "Joelle",
    "lastName": "Bailey",
    "email": "joelle.bailey@hotmail.com",
    "username": "joelle.bailey10",
    "password": "fokeqogota"
  },
  {
    "firstName": "Terry",
    "lastName": "Franecki",
    "email": "terry_franecki@hotmail.com",
    "username": "terry_franecki",
    "password": "coxecerivo"
  },
  {
    "firstName": "Winifred",
    "lastName": "Pacocha",
    "email": "winifred57@hotmail.com",
    "username": "winifred.pacocha",
    "password": "qimemujumi"
  },
  {
    "firstName": "Roger",
    "lastName": "Kihn",
    "email": "roger.kihn@gmail.com",
    "username": "roger39",
    "password": "kovovuhova"
  },
  {
    "firstName": "Neil",
    "lastName": "Schmeler",
    "email": "neil.schmeler@yahoo.com",
    "username": "neil91",
    "password": "fawarucunu"
  },
  {
    "firstName": "Cindy",
    "lastName": "Hackett",
    "email": "cindy_hackett@hotmail.com",
    "username": "cindy.hackett23",
    "password": "winoseyepe"
  },
  {
    "firstName": "Shakira",
    "lastName": "Cronin",
    "email": "shakira.cronin@yahoo.com",
    "username": "shakira.cronin",
    "password": "tokosejeru"
  },
  {
    "firstName": "Bernadette",
    "lastName": "Schmidt",
    "email": "bernadette_schmidt@hotmail.com",
    "username": "bernadette.schmidt26",
    "password": "bowexisaqe"
  },
  {
    "firstName": "Krystal",
    "lastName": "Abshire",
    "email": "krystal92@hotmail.com",
    "username": "krystal_abshire",
    "password": "sayeyuxuve"
  },
  {
    "firstName": "Daphney",
    "lastName": "Lehner",
    "email": "daphney_lehner@hotmail.com",
    "username": "daphney6",
    "password": "mayosopebu"
  },
  {
    "firstName": "Kayli",
    "lastName": "Kuhn",
    "email": "kayli.kuhn@gmail.com",
    "username": "kayli.kuhn58",
    "password": "motodigive"
  },
  {
    "firstName": "Gabrielle",
    "lastName": "Halvorson",
    "email": "gabrielle_halvorson87@hotmail.com",
    "username": "gabrielle.halvorson83",
    "password": "vodecituta"
  },
  {
    "firstName": "Maxine",
    "lastName": "Ryan",
    "email": "maxine.ryan@hotmail.com",
    "username": "maxine_ryan",
    "password": "qiwobehehe"
  },
  {
    "firstName": "Luigi",
    "lastName": "Rice",
    "email": "luigi.rice@hotmail.com",
    "username": "luigi.rice",
    "password": "sejayopaso"
  },
  {
    "firstName": "Georgiana",
    "lastName": "Bartell",
    "email": "georgiana_bartell@hotmail.com",
    "username": "georgiana_bartell78",
    "password": "cilijucixi"
  },
  {
    "firstName": "Skyla",
    "lastName": "Mohr",
    "email": "skyla_mohr@hotmail.com",
    "username": "skyla.mohr",
    "password": "xafobaqaqu"
  },
  {
    "firstName": "Maddison",
    "lastName": "Cronin",
    "email": "maddison93@gmail.com",
    "username": "maddison.cronin77",
    "password": "kunubogivu"
  },
  {
    "firstName": "Gaetano",
    "lastName": "Stehr",
    "email": "gaetano.stehr86@gmail.com",
    "username": "gaetano9",
    "password": "muguyolibi"
  },
  {
    "firstName": "Larue",
    "lastName": "Gusikowski",
    "email": "larue_gusikowski60@gmail.com",
    "username": "larue90",
    "password": "fikosaboko"
  },
  {
    "firstName": "Moises",
    "lastName": "Reilly",
    "email": "moises_reilly4@hotmail.com",
    "username": "moises.reilly",
    "password": "xugoxedito"
  },
  {
    "firstName": "Eduardo",
    "lastName": "Pagac",
    "email": "eduardo59@yahoo.com",
    "username": "eduardo_pagac64",
    "password": "jodobidesa"
  },
  {
    "firstName": "Reuben",
    "lastName": "Ward",
    "email": "reuben29@hotmail.com",
    "username": "reuben.ward",
    "password": "qewacugewa"
  },
  {
    "firstName": "Kaylin",
    "lastName": "Bahringer",
    "email": "kaylin_bahringer@hotmail.com",
    "username": "kaylin_bahringer28",
    "password": "dujavulapu"
  },
  {
    "firstName": "Uriel",
    "lastName": "Swift",
    "email": "uriel.swift6@yahoo.com",
    "username": "uriel.swift",
    "password": "pinigezoru"
  },
  {
    "firstName": "Terry",
    "lastName": "Kuhn",
    "email": "terry.kuhn29@yahoo.com",
    "username": "terry_kuhn",
    "password": "qijisacecu"
  },
  {
    "firstName": "Darryl",
    "lastName": "Daniel",
    "email": "darryl_daniel0@yahoo.com",
    "username": "darryl.daniel27",
    "password": "melukutece"
  },
  {
    "firstName": "Samanta",
    "lastName": "Mraz",
    "email": "samanta_mraz@hotmail.com",
    "username": "samanta.mraz",
    "password": "wudakixive"
  },
  {
    "firstName": "Charlene",
    "lastName": "Hilpert",
    "email": "charlene.hilpert@hotmail.com",
    "username": "charlene_hilpert",
    "password": "yoxejigudi"
  },
  {
    "firstName": "Elnora",
    "lastName": "Larson",
    "email": "elnora.larson@yahoo.com",
    "username": "elnora27",
    "password": "jorumuheqe"
  },
  {
    "firstName": "Bridgette",
    "lastName": "Jast",
    "email": "bridgette.jast69@yahoo.com",
    "username": "bridgette13",
    "password": "wazoyeyeyi"
  },
  {
    "firstName": "Kailyn",
    "lastName": "Lueilwitz",
    "email": "kailyn.lueilwitz@yahoo.com",
    "username": "kailyn27",
    "password": "nekohoqeno"
  },
  {
    "firstName": "Ryder",
    "lastName": "Kris",
    "email": "ryder_kris1@gmail.com",
    "username": "ryder40",
    "password": "janopuniqo"
  },
  {
    "firstName": "Moriah",
    "lastName": "Homenick",
    "email": "moriah76@hotmail.com",
    "username": "moriah53",
    "password": "janizerayi"
  },
  {
    "firstName": "Robyn",
    "lastName": "Nader",
    "email": "robyn16@hotmail.com",
    "username": "robyn.nader",
    "password": "qosenuzunu"
  },
  {
    "firstName": "Turner",
    "lastName": "Littel",
    "email": "turner23@hotmail.com",
    "username": "turner.littel",
    "password": "casuziteya"
  },
  {
    "firstName": "Susana",
    "lastName": "Bechtelar",
    "email": "susana60@yahoo.com",
    "username": "susana75",
    "password": "yakofipagu"
  },
  {
    "firstName": "Shayne",
    "lastName": "Ratke",
    "email": "shayne.ratke@yahoo.com",
    "username": "shayne95",
    "password": "quyadajoyo"
  },
  {
    "firstName": "Vincenza",
    "lastName": "Jenkins",
    "email": "vincenza95@gmail.com",
    "username": "vincenza37",
    "password": "loxahevumi"
  },
  {
    "firstName": "Natasha",
    "lastName": "O'Kon",
    "email": "natasha_okon84@yahoo.com",
    "username": "natasha_okon",
    "password": "ruhacaxayo"
  },
  {
    "firstName": "Rico",
    "lastName": "Kessler",
    "email": "rico1@yahoo.com",
    "username": "rico73",
    "password": "leteqadulo"
  },
  {
    "firstName": "Letha",
    "lastName": "Bayer",
    "email": "letha.bayer@gmail.com",
    "username": "letha.bayer",
    "password": "fuliqukifo"
  },
  {
    "firstName": "Keaton",
    "lastName": "Medhurst",
    "email": "keaton.medhurst16@hotmail.com",
    "username": "keaton9",
    "password": "cawepehawi"
  },
  {
    "firstName": "Leonel",
    "lastName": "Boehm",
    "email": "leonel92@yahoo.com",
    "username": "leonel61",
    "password": "gusefeworu"
  },
  {
    "firstName": "Afton",
    "lastName": "Weissnat",
    "email": "afton.weissnat49@hotmail.com",
    "username": "afton_weissnat",
    "password": "zamopotuhu"
  },
  {
    "firstName": "Nick",
    "lastName": "Friesen",
    "email": "nick62@gmail.com",
    "username": "nick_friesen",
    "password": "pufeduyupu"
  },
  {
    "firstName": "Kennith",
    "lastName": "Conroy",
    "email": "kennith_conroy@gmail.com",
    "username": "kennith_conroy49",
    "password": "mesanarike"
  },
  {
    "firstName": "Mitchel",
    "lastName": "Steuber",
    "email": "mitchel31@gmail.com",
    "username": "mitchel.steuber19",
    "password": "sacozoduha"
  },
  {
    "firstName": "Yessenia",
    "lastName": "Wisoky",
    "email": "yessenia_wisoky48@yahoo.com",
    "username": "yessenia.wisoky",
    "password": "keqenuduha"
  },
  {
    "firstName": "Alfred",
    "lastName": "Gutmann",
    "email": "alfred_gutmann87@gmail.com",
    "username": "alfred29",
    "password": "libikonaxe"
  },
  {
    "firstName": "Camden",
    "lastName": "Langworth",
    "email": "camden.langworth40@yahoo.com",
    "username": "camden.langworth",
    "password": "wopedofova"
  },
  {
    "firstName": "Domenica",
    "lastName": "Hyatt",
    "email": "domenica98@gmail.com",
    "username": "domenica.hyatt13",
    "password": "hulevojisu"
  },
  {
    "firstName": "Janessa",
    "lastName": "Ebert",
    "email": "janessa47@gmail.com",
    "username": "janessa.ebert25",
    "password": "nubudesuyo"
  },
  {
    "firstName": "Rachael",
    "lastName": "Johnston",
    "email": "rachael32@gmail.com",
    "username": "rachael.johnston76",
    "password": "menonijimi"
  },
  {
    "firstName": "Phoebe",
    "lastName": "Champlin",
    "email": "phoebe_champlin72@gmail.com",
    "username": "phoebe_champlin",
    "password": "mucutofido"
  },
  {
    "firstName": "Alysha",
    "lastName": "Morar",
    "email": "alysha68@yahoo.com",
    "username": "alysha80",
    "password": "yunigahena"
  },
  {
    "firstName": "Lorenzo",
    "lastName": "Kozey",
    "email": "lorenzo79@yahoo.com",
    "username": "lorenzo49",
    "password": "xijiwupiku"
  },
  {
    "firstName": "Else",
    "lastName": "Adams",
    "email": "else.adams41@gmail.com",
    "username": "else_adams",
    "password": "salobumiva"
  },
  {
    "firstName": "Price",
    "lastName": "Gaylord",
    "email": "price_gaylord39@gmail.com",
    "username": "price.gaylord",
    "password": "xejotakiyu"
  },
  {
    "firstName": "Kelley",
    "lastName": "Pollich",
    "email": "kelley.pollich@gmail.com",
    "username": "kelley_pollich50",
    "password": "vuhenuyeme"
  },
  {
    "firstName": "Francisca",
    "lastName": "Koch",
    "email": "francisca.koch57@hotmail.com",
    "username": "francisca.koch27",
    "password": "jeficifimu"
  },
  {
    "firstName": "Eriberto",
    "lastName": "Goyette",
    "email": "eriberto_goyette10@yahoo.com",
    "username": "eriberto6",
    "password": "ziraxipoxe"
  },
  {
    "firstName": "Roberta",
    "lastName": "Roberts",
    "email": "roberta76@yahoo.com",
    "username": "roberta_roberts94",
    "password": "bahiyezila"
  },
  {
    "firstName": "Charlene",
    "lastName": "Upton",
    "email": "charlene.upton@yahoo.com",
    "username": "charlene.upton51",
    "password": "lovufelaxo"
  },
  {
    "firstName": "Nico",
    "lastName": "Mills",
    "email": "nico.mills46@yahoo.com",
    "username": "nico85",
    "password": "baxirutesi"
  },
  {
    "firstName": "Ernie",
    "lastName": "Kuhlman",
    "email": "ernie_kuhlman32@yahoo.com",
    "username": "ernie_kuhlman92",
    "password": "vekufibose"
  },
  {
    "firstName": "Mittie",
    "lastName": "Orn",
    "email": "mittie_orn@gmail.com",
    "username": "mittie.orn0",
    "password": "vodoloyari"
  },
  {
    "firstName": "Carolyn",
    "lastName": "Mraz",
    "email": "carolyn.mraz@yahoo.com",
    "username": "carolyn_mraz33",
    "password": "wesumekaxi"
  },
  {
    "firstName": "Dario",
    "lastName": "Gusikowski",
    "email": "dario45@hotmail.com",
    "username": "dario_gusikowski87",
    "password": "pizezarohe"
  },
  {
    "firstName": "Amani",
    "lastName": "Heidenreich",
    "email": "amani30@yahoo.com",
    "username": "amani.heidenreich",
    "password": "cubezuyume"
  },
  {
    "firstName": "Nat",
    "lastName": "Waters",
    "email": "nat_waters@gmail.com",
    "username": "nat_waters10",
    "password": "gerivurure"
  },
  {
    "firstName": "Beulah",
    "lastName": "Carroll",
    "email": "beulah.carroll@yahoo.com",
    "username": "beulah_carroll97",
    "password": "xeyebewabe"
  },
  {
    "firstName": "Brenna",
    "lastName": "Schowalter",
    "email": "brenna86@yahoo.com",
    "username": "brenna.schowalter53",
    "password": "sariyacubi"
  },
  {
    "firstName": "Juliana",
    "lastName": "Lockman",
    "email": "juliana_lockman68@yahoo.com",
    "username": "juliana1",
    "password": "leqiniridi"
  },
  {
    "firstName": "Chad",
    "lastName": "Mertz",
    "email": "chad43@yahoo.com",
    "username": "chad79",
    "password": "qeyajabaxu"
  },
  {
    "firstName": "Jacquelyn",
    "lastName": "Jacobson",
    "email": "jacquelyn_jacobson@yahoo.com",
    "username": "jacquelyn.jacobson",
    "password": "dedufufixo"
  },
  {
    "firstName": "Karli",
    "lastName": "Murazik",
    "email": "karli_murazik47@hotmail.com",
    "username": "karli_murazik",
    "password": "nagacimegu"
  },
  {
    "firstName": "Ashly",
    "lastName": "Brakus",
    "email": "ashly16@hotmail.com",
    "username": "ashly26",
    "password": "neseyoqezi"
  },
  {
    "firstName": "Kailey",
    "lastName": "Koelpin",
    "email": "kailey_koelpin@gmail.com",
    "username": "kailey.koelpin8",
    "password": "tisusexuyi"
  },
  {
    "firstName": "Jeramie",
    "lastName": "Bradtke",
    "email": "jeramie.bradtke@gmail.com",
    "username": "jeramie64",
    "password": "yuteveqoga"
  },
  {
    "firstName": "Horace",
    "lastName": "Schmitt",
    "email": "horace.schmitt19@yahoo.com",
    "username": "horace.schmitt",
    "password": "pegowixupe"
  },
  {
    "firstName": "Marlene",
    "lastName": "Sauer",
    "email": "marlene_sauer@hotmail.com",
    "username": "marlene_sauer89",
    "password": "hiyulevuki"
  }
]